age,sex,systolic_bp,cholesterol,glucose,bmi,smoker,diabetes,family_history,physical_activity,max_heart_rate,heart_risk
57,1,105,287,149,27.9,0,1,0,10.9,155,1
39,1,117,254,109,28.7,1,0,1,4.0,180,0
63,0,116,203,134,28.7,0,1,0,3.3,156,1
65,0,111,283,72,30.9,0,0,0,0.9,163,1
29,0,117,130,102,24.3,0,0,0,7.5,185,0
36,0,123,295,96,21.5,1,0,0,0.5,172,0
55,1,99,169,92,31.8,0,0,0,4.6,161,0
49,0,124,242,159,34.3,0,1,0,2.3,174,1
53,0,107,242,103,22.5,0,0,0,3.0,158,0
42,1,125,265,98,27.8,1,0,0,0.2,162,0
64,0,148,216,98,26.0,0,0,0,7.0,171,0
63,1,136,139,109,32.1,0,0,0,2.8,166,1
54,0,128,210,86,28.7,0,0,1,0.3,153,1
68,0,127,223,83,43.6,1,0,0,6.8,144,1
59,0,128,141,92,26.5,0,0,1,2.2,140,0
42,1,129,220,78,34.1,0,0,0,4.4,185,0
58,1,134,181,95,35.3,0,0,1,5.7,172,0
41,0,119,244,97,29.4,0,0,0,4.7,163,0
64,0,137,219,95,28.3,1,0,1,2.2,165,1
52,1,109,305,91,27.9,1,0,0,5.3,187,1
51,0,113,212,121,27.5,0,0,0,3.2,152,0
44,1,136,237,110,32.3,1,0,0,2.6,164,1
69,0,144,224,140,24.3,0,1,0,3.2,140,1
51,0,126,154,97,26.7,0,0,0,0.7,179,0
47,1,145,212,117,26.0,0,0,0,4.0,170,0
48,1,135,253,87,19.4,1,0,0,0.0,163,1
60,0,124,253,82,31.9,0,0,0,2.8,166,0
58,0,109,214,99,32.7,0,0,0,3.9,158,0
58,0,149,165,102,24.9,0,0,1,6.3,160,0
59,1,139,254,103,32.6,0,0,0,1.4,167,1
79,0,166,256,108,21.6,1,0,0,7.3,141,1
48,1,156,256,85,27.4,0,0,0,6.0,166,0
46,1,103,208,75,26.6,0,0,0,2.4,170,0
42,1,106,147,87,27.4,1,0,1,0.6,173,0
61,0,92,250,105,28.3,0,0,1,0.3,169,0
68,0,145,232,82,27.9,0,0,0,4.2,164,1
52,0,135,282,112,25.7,0,1,0,1.6,152,1
42,0,126,219,98,26.5,1,0,0,6.6,187,0
42,1,107,216,87,33.3,1,0,0,1.7,172,1
61,1,131,246,70,25.3,1,0,0,1.2,156,0
63,1,132,204,142,38.4,0,1,1,4.1,151,1
60,1,140,200,90,25.0,0,0,0,1.7,185,0
44,1,126,215,121,28.2,0,0,0,3.5,199,0
56,0,136,187,97,30.3,0,0,1,6.1,186,0
55,0,128,215,105,26.3,1,0,0,3.8,165,0
56,0,144,307,96,34.1,0,0,0,3.8,169,1
64,1,139,273,87,30.6,0,0,0,4.0,177,1
56,0,108,238,89,26.8,0,0,0,0.9,163,0
62,1,149,294,112,34.3,0,0,0,4.5,168,0
54,1,144,190,107,22.9,0,0,0,3.9,169,0
57,1,134,330,74,25.1,0,0,0,5.8,186,0
61,1,132,209,77,30.5,0,0,1,5.1,178,0
34,1,143,297,78,30.3,0,0,0,3.0,178,0
49,0,99,305,112,28.8,0,0,0,6.2,187,0
47,1,145,147,70,26.7,1,0,0,2.7,168,0
45,1,115,281,108,26.0,0,0,0,4.1,167,1
49,1,140,210,102,32.6,0,0,0,2.7,167,0
72,0,134,210,98,29.6,0,0,0,4.7,157,0
42,1,102,240,89,23.0,0,0,0,2.5,166,0
66,1,127,188,114,23.9,1,0,0,7.8,150,0
31,0,132,233,98,33.4,0,0,0,8.7,166,0
49,1,124,182,74,24.0,1,0,0,5.8,158,0
55,0,121,232,78,28.9,1,0,1,7.5,166,0
61,1,119,284,71,34.2,0,0,0,0.5,174,0
62,1,138,245,114,30.5,0,0,1,0.2,172,1
63,1,155,214,117,24.6,0,0,0,2.7,166,1
48,0,92,244,112,22.6,0,0,0,3.6,154,0
47,1,165,161,94,35.9,0,0,0,3.0,162,0
64,0,132,194,75,23.3,0,0,0,0.8,158,0
51,1,133,204,80,24.9,0,0,0,6.5,179,0
36,0,112,247,81,28.4,0,0,0,9.1,172,0
38,1,119,232,95,25.8,0,0,0,6.8,164,0
41,1,127,240,162,29.6,1,1,0,6.3,188,0
59,1,116,226,117,21.1,1,0,0,4.1,153,1
55,0,114,192,89,26.7,0,0,0,1.3,154,1
62,1,146,291,68,31.1,0,0,0,3.7,164,1
47,0,104,191,78,30.4,1,0,0,9.0,168,1
55,0,133,242,114,25.0,0,0,0,2.6,161,0
61,0,123,223,99,23.3,0,0,0,2.3,162,0
49,1,109,245,91,28.3,0,0,0,6.4,160,0
59,0,157,202,135,21.8,0,1,0,6.6,158,1
44,0,111,263,85,33.0,1,0,0,1.3,170,1
48,0,106,279,123,28.0,0,1,1,2.8,148,1
48,0,120,263,127,24.1,0,0,0,2.2,181,0
37,0,108,221,167,21.9,0,1,0,3.7,163,0
59,0,128,209,84,24.9,0,0,0,6.4,153,0
47,0,125,339,70,20.1,0,0,1,1.4,182,0
53,1,133,182,99,29.8,1,0,1,6.3,171,0
59,0,126,264,94,24.2,0,0,0,3.8,165,0
59,1,117,241,105,29.7,0,0,1,9.5,145,1
62,0,138,226,109,30.5,0,0,0,4.3,155,1
52,0,127,231,78,31.9,1,0,1,3.2,163,1
47,1,115,199,115,28.4,0,0,0,5.0,170,0
52,1,147,241,91,32.7,0,0,0,2.6,181,0
31,1,115,225,105,32.8,0,0,0,1.2,204,0
34,1,138,326,92,27.8,1,0,0,2.9,184,1
36,1,137,259,110,28.2,0,0,1,2.8,173,1
40,0,144,238,68,24.3,1,0,0,0.6,186,0
58,0,137,251,107,23.3,0,0,0,3.3,158,0
41,0,125,294,84,32.8,1,0,0,1.9,143,1
48,1,126,180,97,30.1,1,0,1,2.6,154,1
70,1,128,225,160,31.6,0,1,1,4.1,130,1
48,1,92,141,84,24.6,0,0,0,3.8,167,0
63,0,140,253,82,35.5,0,0,0,2.4,159,1
41,1,124,253,90,25.9,0,0,0,3.3,158,0
50,1,136,180,89,23.7,0,0,0,1.5,160,0
41,1,119,277,80,24.3,0,0,1,3.5,160,1
49,0,138,191,143,34.6,1,1,1,3.7,166,1
64,1,109,215,98,23.0,0,0,0,1.2,151,0
31,0,99,217,103,23.0,0,0,0,4.2,193,0
59,0,92,294,129,41.2,0,1,1,4.2,166,1
56,0,124,189,82,32.0,0,0,1,3.1,183,0
45,1,111,231,94,23.8,0,0,1,9.8,168,0
34,1,104,246,92,21.6,0,0,0,3.1,203,0
54,1,131,248,93,19.9,0,0,0,2.8,167,0
46,1,120,245,85,27.6,1,0,1,2.4,163,0
56,0,105,257,101,31.0,0,0,0,1.0,192,0
53,1,167,200,82,34.5,1,0,0,5.3,144,1
74,1,133,306,94,19.9,0,0,0,1.7,148,0
50,1,108,217,91,21.3,0,0,0,2.0,151,1
40,0,110,206,95,26.4,0,0,1,2.1,156,0
55,1,123,281,114,40.5,0,0,1,0.9,144,1
56,0,128,199,121,31.8,1,1,1,1.1,169,1
71,1,152,247,105,30.2,0,1,0,2.3,141,1
64,0,128,199,87,22.5,0,0,1,5.8,158,0
58,0,159,332,79,18.0,1,0,0,4.0,171,1
72,1,126,331,68,28.7,0,0,0,7.6,160,0
38,1,130,211,122,26.3,1,0,0,5.5,179,0
45,1,137,241,104,25.9,0,0,1,4.9,186,0
41,1,143,217,106,25.2,1,0,1,8.4,190,0
48,1,143,206,92,23.9,0,0,1,3.2,157,1
35,0,114,219,102,22.2,0,0,1,3.7,185,0
61,0,128,226,90,34.3,0,0,0,3.5,159,0
50,1,92,158,108,23.3,0,0,1,7.5,168,0
34,0,119,224,99,25.3,1,0,0,3.5,160,0
40,1,137,215,95,26.7,0,0,1,1.8,170,1
57,0,140,239,97,31.0,0,0,1,5.0,160,0
64,1,128,226,118,24.2,0,0,0,1.4,176,0
79,0,165,223,99,33.3,1,0,0,4.9,135,1
79,0,129,275,81,26.2,0,0,0,4.6,124,1
58,1,120,249,101,27.1,1,0,1,3.0,161,0
40,1,113,275,103,34.5,0,0,0,5.0,162,1
29,1,103,231,94,21.9,1,0,0,0.4,179,0
56,0,136,217,95,31.0,0,0,1,3.9,173,1
42,0,125,244,80,31.6,0,0,0,2.3,174,0
48,0,132,138,97,28.7,0,0,0,10.9,166,0
45,0,116,308,78,26.6,0,0,1,3.9,171,1
51,0,128,234,92,37.2,1,0,0,1.9,175,1
67,1,102,323,86,28.2,1,0,0,0.1,143,1
55,1,132,188,111,28.6,0,0,1,6.9,174,0
51,0,130,176,119,25.9,1,0,0,2.6,155,1
40,1,104,232,79,27.6,0,0,0,1.4,183,0
31,0,115,227,96,30.9,0,0,0,4.4,165,0
47,1,119,235,91,26.0,0,0,1,5.2,177,0
52,1,151,231,103,17.8,0,0,0,5.1,167,0
76,0,118,210,97,31.1,0,0,1,3.6,154,1
55,1,131,162,90,22.7,0,0,0,3.9,177,0
66,1,114,243,97,31.6,0,0,0,4.1,150,1
47,1,118,166,93,27.2,1,0,0,4.4,168,0
38,0,128,158,120,31.1,1,0,0,4.6,178,0
40,0,117,201,84,22.5,0,0,1,6.3,173,0
44,1,122,237,100,24.6,0,0,0,3.6,181,0
79,1,144,321,104,27.3,1,0,0,1.4,151,1
42,1,114,259,103,20.2,0,0,1,3.1,168,1
64,0,143,290,92,33.2,0,0,0,5.5,174,0
41,1,116,245,117,19.5,0,0,1,1.1,182,0
65,0,128,246,68,33.2,0,0,0,1.1,150,1
58,0,132,332,80,29.8,0,0,0,5.9,155,1
51,1,132,167,106,26.5,1,0,0,7.5,163,0
52,0,138,206,83,29.1,1,0,0,0.2,170,0
44,0,126,205,82,28.6,0,0,1,3.8,149,0
59,1,138,264,89,26.0,1,0,0,2.5,152,1
47,1,122,179,84,28.6,1,0,1,2.8,162,0
37,0,103,247,106,30.1,0,0,0,4.3,162,0
36,0,97,239,110,22.4,0,0,0,0.1,167,0
55,0,101,259,97,29.2,0,0,0,0.6,168,0
74,0,160,269,112,16.5,0,0,1,2.7,149,1
55,1,93,289,75,18.8,0,0,1,3.1,162,1
51,0,146,220,142,30.0,1,1,0,0.6,151,1
57,0,114,248,116,25.8,0,0,0,5.6,163,0
70,1,149,202,111,24.5,0,0,1,2.4,140,1
56,1,93,185,118,27.5,0,0,0,2.4,182,0
48,1,120,295,87,25.5,0,0,0,4.2,190,0
67,0,152,197,110,23.7,0,0,1,3.2,153,0
59,1,142,254,90,20.3,1,0,0,5.7,148,1
73,0,128,257,105,19.5,0,0,1,1.1,164,1
55,1,97,274,116,31.0,0,0,0,0.1,173,0
37,1,99,145,84,24.8,0,0,0,2.7,199,0
35,0,139,251,68,31.1,0,0,0,3.7,203,0
74,1,128,233,124,26.6,0,0,0,0.3,132,1
75,0,132,211,103,30.3,0,0,1,0.1,166,0
51,1,129,212,94,26.9,0,0,0,4.0,166,0
48,0,104,264,94,27.5,0,0,1,1.5,177,1
72,1,142,265,68,28.9,1,0,0,0.3,161,1
39,0,114,211,99,24.8,0,0,1,6.0,185,0
41,0,125,169,88,21.3,0,0,1,1.9,186,0
61,1,124,183,97,31.5,1,0,0,6.5,153,1
48,1,104,253,96,34.6,1,0,0,3.6,157,1
53,1,119,170,68,35.2,0,0,0,4.3,181,0
51,0,134,218,103,24.9,0,0,0,3.0,159,0
57,0,133,338,99,24.4,0,0,1,3.4,185,1
71,1,132,253,101,25.9,0,0,1,0.5,147,1
54,1,139,255,93,26.8,0,0,0,3.2,163,1
61,0,125,183,97,27.7,0,0,0,4.4,160,0
29,0,117,159,99,21.8,0,0,0,1.2,166,0
52,0,118,257,100,20.7,0,0,1,3.4,151,0
42,1,139,206,103,27.2,1,0,0,0.6,182,0
37,0,123,264,100,16.5,0,0,0,4.1,159,1
42,0,113,224,124,26.5,0,0,0,3.4,202,0
49,1,101,371,85,23.0,0,0,1,5.4,169,1
65,1,150,210,90,31.7,1,0,0,6.3,145,1
36,1,108,231,121,31.5,0,0,0,4.7,183,0
53,0,126,190,94,32.5,0,0,0,5.7,140,0
47,1,158,268,110,25.7,0,0,1,2.6,168,1
49,0,136,244,98,22.1,0,0,1,10.8,168,0
66,0,158,195,93,24.5,1,0,1,0.3,142,1
60,0,124,218,111,29.2,1,0,1,2.1,153,1
70,0,148,295,104,20.8,0,0,0,5.8,173,0
51,1,125,279,73,33.9,0,0,0,5.5,171,1
44,0,127,163,99,25.6,0,0,1,4.8,178,0
50,1,154,207,81,29.7,0,0,0,5.3,161,1
56,0,122,306,115,19.5,0,0,0,1.9,151,1
55,0,130,222,122,23.4,1,0,0,7.6,161,0
39,0,110,228,124,18.1,1,0,1,3.0,147,0
54,0,139,272,146,32.3,0,1,0,6.7,155,1
56,1,118,174,89,27.0,0,0,0,1.8,152,1
79,0,150,203,101,31.5,0,0,0,4.2,128,1
77,0,110,227,82,29.0,0,0,0,2.0,159,1
42,0,129,272,131,29.2,0,0,0,5.0,173,0
49,1,118,268,114,25.8,1,0,0,4.3,160,1
34,1,133,248,101,25.7,1,0,1,4.5,184,0
45,0,122,218,111,26.7,0,0,1,0.7,155,1
57,1,123,277,89,29.6,1,0,0,3.4,147,1
69,0,125,230,79,30.3,0,0,0,3.0,169,0
44,0,113,247,68,40.0,1,0,1,4.8,195,0
44,0,134,261,97,34.8,0,0,0,6.1,181,0
29,1,100,286,93,18.2,0,0,0,3.9,188,0
51,0,120,224,104,26.8,0,0,0,0.2,162,0
39,1,125,205,96,25.0,0,0,0,3.8,171,0
46,1,147,278,148,33.1,0,1,0,10.3,175,1
42,0,121,279,108,25.5,0,0,0,7.8,190,0
52,1,125,204,74,29.6,1,0,0,4.2,170,0
30,1,125,169,109,16.5,1,0,0,3.7,190,0
34,1,92,269,90,19.6,0,0,0,5.9,170,0
79,1,117,173,149,38.5,0,1,0,3.0,157,1
36,0,113,147,111,26.9,0,0,0,2.3,171,0
39,1,109,209,111,22.3,0,0,0,2.8,178,1
77,1,110,241,98,29.9,0,0,0,4.9,159,0
79,0,148,193,99,24.0,0,0,0,0.5,145,1
38,1,123,225,109,25.5,0,0,0,6.6,166,1
48,0,129,232,73,20.6,1,0,0,3.4,172,0
57,0,116,206,82,24.1,0,0,0,1.1,163,0
75,0,135,321,92,26.7,0,0,0,6.4,155,1
40,0,128,235,76,32.1,0,0,0,0.5,183,1
50,1,120,269,92,29.5,0,0,0,2.1,184,0
63,0,136,168,91,31.0,0,0,0,2.0,168,0
59,1,119,165,97,27.7,1,0,0,9.1,167,0
48,1,129,240,95,31.1,1,0,0,1.7,162,1
51,0,146,300,157,23.4,1,1,0,2.1,162,1
35,1,137,171,105,23.3,0,0,1,2.0,184,1
50,0,144,228,95,29.3,0,0,0,4.7,166,1
50,0,132,170,91,26.1,1,0,0,5.5,171,0
56,0,127,195,95,27.6,0,0,0,9.4,157,0
46,1,116,228,96,26.4,0,0,0,7.2,193,0
59,1,104,206,134,33.6,1,0,1,4.0,163,1
66,0,110,176,74,34.2,0,0,0,1.2,161,0
55,1,123,169,82,24.8,0,0,0,7.7,161,0
58,0,129,147,80,19.7,1,0,0,2.5,182,0
54,0,147,244,100,24.3,0,0,1,1.8,153,1
53,0,145,249,99,23.4,0,0,1,2.4,160,0
44,0,111,244,87,30.9,0,0,1,0.2,183,0
57,1,143,188,109,32.0,1,0,0,2.3,165,1
52,1,118,265,102,22.8,0,0,0,2.9,162,1
79,0,145,268,110,25.4,0,0,1,5.4,145,1
73,1,145,235,114,21.7,0,0,0,2.5,151,1
58,1,146,220,68,28.4,0,0,0,0.2,165,0
43,1,114,191,106,26.8,0,0,1,0.7,191,0
39,1,135,224,77,30.5,0,0,0,4.0,183,0
68,1,103,300,100,30.6,0,0,1,3.7,169,0
56,1,146,273,95,30.5,0,0,1,2.1,161,0
59,0,127,216,96,20.8,0,0,1,2.3,169,0
30,1,116,234,78,23.5,0,0,0,4.5,165,0
65,0,99,184,111,32.5,0,0,0,7.1,162,0
59,1,126,258,77,25.4,1,0,0,1.5,162,1
39,0,140,181,107,19.4,0,0,1,3.7,197,0
47,1,116,249,75,31.0,0,0,1,6.0,189,0
56,0,137,350,96,25.0,0,0,1,1.5,163,1
54,1,126,200,168,32.5,0,1,1,3.5,158,0
49,1,140,344,131,27.3,0,0,0,3.4,161,1
52,1,128,244,72,26.2,0,0,1,0.1,165,0
50,0,110,191,85,33.7,0,0,0,3.9,184,0
55,0,127,191,88,21.7,0,0,1,3.6,171,0
72,1,160,333,175,35.1,1,1,1,4.9,158,1
29,1,123,231,95,23.4,0,0,0,0.4,192,0
50,0,122,198,112,28.1,0,0,0,3.5,159,0
55,0,160,216,100,28.4,0,0,0,7.1,158,0
57,1,144,244,78,25.8,0,0,1,8.9,171,0
48,0,135,221,68,23.8,0,0,0,6.8,162,0
30,1,121,226,87,24.7,0,0,0,0.4,166,0
57,0,138,300,131,23.1,0,0,0,4.7,153,0
75,1,145,188,100,37.7,0,0,0,2.2,165,1
33,1,92,240,112,24.3,0,0,1,4.2,176,0
64,1,135,227,120,33.4,0,1,0,1.5,163,1
49,0,121,200,91,32.1,0,0,0,1.0,159,1
52,1,121,268,108,29.2,1,0,1,2.6,169,0
39,0,121,155,80,26.2,1,0,0,5.4,171,0
49,0,100,130,95,28.2,0,0,0,4.2,175,0
70,0,105,242,83,31.0,0,0,0,4.5,151,1
61,1,147,222,108,28.4,0,0,1,4.1,168,0
76,1,145,179,102,21.5,1,0,1,4.6,144,1
68,1,99,160,151,19.9,1,1,0,4.9,154,0
59,0,123,308,109,34.8,1,0,0,2.8,158,1
76,0,147,256,93,16.6,0,0,0,3.7,153,0
59,1,127,228,111,28.8,1,0,0,8.0,164,1
64,0,152,322,87,27.0,1,0,0,3.9,152,1
49,1,143,264,105,28.1,1,0,0,3.6,166,1
54,1,109,299,68,22.4,1,0,0,3.8,166,1
44,1,120,169,85,28.7,0,0,1,2.9,179,0
66,0,123,180,131,29.1,0,0,0,2.4,158,0
38,1,99,241,105,39.5,0,0,0,4.0,168,0
63,1,107,247,105,28.6,0,0,1,2.2,162,0
51,0,116,275,84,33.7,1,0,0,3.1,173,0
68,0,125,163,80,21.4,1,0,1,1.4,140,1
63,1,137,259,92,32.7,1,0,0,3.8,144,1
77,1,150,278,95,29.8,0,0,1,5.0,145,1
63,1,137,268,125,29.3,0,0,0,2.9,159,1
33,1,129,196,111,27.9,0,0,1,1.7,156,1
52,1,125,245,143,35.3,1,1,1,5.0,172,0
38,0,128,183,97,28.0,0,0,0,3.8,175,0
46,1,124,207,107,23.6,1,0,0,0.9,143,1
73,0,126,191,76,25.7,0,0,1,5.5,142,0
61,1,157,196,68,31.7,0,0,0,0.1,159,1
44,1,92,209,107,29.2,1,0,0,6.2,151,0
40,1,92,196,97,19.9,0,0,0,3.4,187,0
53,1,135,192,76,29.9,1,0,0,2.4,167,0
37,1,115,160,68,21.8,0,0,0,4.0,185,0
44,1,100,301,109,29.1,0,0,0,2.4,162,1
57,0,111,205,88,24.0,0,0,0,2.1,169,0
68,0,121,246,102,27.0,1,0,0,1.6,148,1
61,1,142,154,92,25.4,0,0,0,3.2,160,0
29,0,138,267,95,33.3,1,0,1,2.2,184,1
57,0,155,233,87,29.6,1,0,0,1.3,161,1
54,0,102,206,95,33.4,0,0,0,6.8,176,0
58,1,111,208,150,41.1,1,1,0,2.9,163,1
74,1,116,272,92,28.8,1,0,1,1.6,146,1
29,1,135,130,91,33.3,0,0,0,0.6,192,0
45,1,132,185,105,23.9,1,0,0,5.5,181,0
61,1,129,223,106,33.7,0,0,0,0.1,163,0
32,0,121,207,79,22.8,0,0,0,3.8,196,0
72,0,132,339,96,28.4,0,0,1,2.0,153,1
58,1,114,212,88,30.3,1,0,0,2.1,160,0
64,1,137,271,96,31.3,0,0,1,0.6,160,1
46,1,120,296,118,21.3,0,0,0,1.9,171,0
64,1,115,258,101,24.1,1,0,0,3.5,154,1
67,0,139,203,128,31.1,0,0,0,4.1,151,1
56,1,124,171,99,26.0,1,0,0,1.5,152,1
56,0,134,257,94,21.3,1,0,1,3.3,164,1
57,0,125,295,96,27.4,0,0,0,5.8,178,0
42,0,134,241,98,26.5,0,0,0,0.8,184,0
51,0,132,274,101,28.3,1,0,0,3.5,170,1
51,0,111,331,81,29.9,0,0,1,1.0,183,0
58,1,132,262,93,29.9,0,0,1,0.8,165,1
66,1,139,185,85,24.7,1,0,0,4.2,145,1
39,0,131,218,111,25.0,1,0,0,2.1,170,0
51,1,140,280,68,31.7,0,0,0,0.3,168,1
72,0,123,224,98,26.0,0,0,0,6.9,150,1
43,1,135,281,73,25.2,1,0,0,5.9,178,0
42,1,95,215,102,20.1,0,0,0,1.5,185,0
56,1,124,239,90,27.6,0,0,0,0.3,147,1
64,0,129,215,114,29.7,1,1,0,5.0,156,1
53,1,147,230,110,18.5,0,0,0,2.8,136,1
70,1,129,242,68,23.5,0,0,0,7.4,155,1
64,1,138,162,96,21.6,0,0,0,5.1,159,0
64,0,103,211,106,31.7,0,0,1,4.3,180,1
60,0,123,176,117,19.1,0,0,0,0.8,179,0
79,1,122,221,72,28.5,0,0,0,4.8,161,0
50,0,161,189,88,30.7,0,0,1,0.2,159,1
29,1,110,253,112,27.2,1,0,1,6.9,169,0
74,0,134,278,113,26.6,0,0,1,4.6,142,1
47,1,125,244,115,28.8,0,0,0,1.4,188,0
54,1,102,171,134,32.4,0,0,0,5.6,157,0
70,0,124,229,88,27.9,0,0,0,9.3,152,0
32,0,127,156,102,16.5,1,0,1,2.9,168,0
37,1,120,209,136,32.0,0,1,0,4.9,164,0
32,0,92,239,68,28.3,0,0,0,2.4,185,0
43,0,117,260,95,26.9,1,0,0,3.7,173,0
59,1,143,247,68,18.7,0,0,0,0.4,139,1
60,0,137,280,133,26.5,0,1,0,3.5,149,1
57,0,149,237,74,23.7,1,0,0,3.6,165,0
35,1,104,204,103,21.1,0,0,0,8.2,178,0
29,0,139,247,84,25.7,1,0,1,1.2,176,0
54,1,129,262,69,25.1,1,0,1,2.8,171,0
47,0,151,198,109,25.1,1,0,0,6.8,153,0
59,1,127,243,87,31.3,0,0,0,2.9,157,1
62,1,102,216,135,29.2,1,1,1,3.1,164,1
55,0,139,140,81,25.4,0,0,0,1.3,159,0
63,0,122,248,113,25.2,0,0,0,1.1,164,0
56,0,125,171,100,25.6,1,0,0,1.2,150,0
60,0,106,241,87,26.8,0,0,0,1.9,154,1
44,1,150,154,68,29.8,1,0,0,0.9,151,1
51,1,117,192,134,22.7,0,0,0,3.8,146,0
56,1,150,207,126,34.4,0,0,0,1.5,160,1
64,1,123,280,118,30.8,0,0,0,2.3,165,0
48,1,113,198,85,16.5,1,0,1,2.3,167,0
60,0,148,182,133,28.3,0,1,0,3.4,176,1
50,0,123,237,102,32.2,0,0,0,2.1,165,1
51,1,123,213,83,29.2,0,0,1,0.7,146,1
64,1,114,263,81,26.2,1,0,0,3.7,161,1
29,0,109,168,118,26.1,0,0,0,6.3,171,0
36,1,125,223,95,27.5,0,0,0,3.8,180,0
34,1,102,317,79,30.1,1,0,1,1.9,152,1
29,1,108,200,110,19.8,0,0,1,3.2,180,0
44,1,115,227,87,24.3,0,0,0,1.8,181,0
63,1,130,159,68,35.6,0,0,1,3.1,167,0
49,0,150,186,79,27.5,1,0,0,2.5,164,1
56,1,126,245,133,34.7,1,1,1,1.1,162,1
67,0,120,217,99,42.0,0,0,0,1.5,153,0
70,1,173,259,99,26.1,0,0,0,2.4,153,1
52,0,118,241,114,22.0,0,0,0,6.1,175,0
71,1,133,178,92,27.2,1,0,0,6.3,145,0
54,1,120,267,89,32.7,0,0,0,1.1,160,1
42,1,117,165,115,32.7,0,0,1,2.2,157,1
45,1,127,187,111,37.6,1,0,1,2.2,177,1
34,1,132,223,93,26.4,0,0,0,5.6,176,0
41,0,127,283,100,29.2,0,0,1,3.9,161,1
48,1,139,179,89,24.0,0,0,1,3.7,180,0
63,1,145,235,79,16.5,0,0,1,4.9,160,0
75,1,137,242,174,28.5,0,1,0,1.9,144,1
35,0,128,241,88,21.3,1,0,0,7.0,185,1
58,0,144,276,100,30.8,0,0,1,3.5,160,0
39,0,103,199,73,18.2,0,0,0,1.3,159,0
59,0,169,269,107,24.4,1,0,0,2.9,171,1
51,0,121,278,78,28.7,1,0,0,6.7,156,0
29,0,111,285,121,28.1,0,0,0,2.4,205,0
65,1,116,251,123,27.9,1,0,0,6.0,151,1
45,0,104,226,104,35.7,0,0,0,1.9,150,1
46,0,137,200,143,34.4,0,1,0,1.5,191,0
39,1,154,155,93,23.7,0,0,0,5.2,175,0
44,0,113,207,95,34.5,0,0,0,1.2,176,0
59,1,137,232,102,36.0,1,0,0,5.6,164,1
51,1,132,218,97,26.9,1,0,0,4.4,150,1
57,1,142,251,111,28.0,0,0,0,1.2,141,1
58,0,160,165,82,27.6,0,0,0,3.3,185,0
70,0,158,225,119,25.4,1,0,1,2.1,136,1
49,1,120,305,90,24.8,0,0,0,4.4,188,0
34,1,126,255,85,32.7,0,0,0,8.4,185,0
67,1,140,257,101,30.3,0,0,0,2.5,160,0
49,1,123,238,102,24.8,0,0,0,4.9,164,0
67,0,114,216,70,24.0,0,0,0,3.6,183,0
58,1,119,153,89,24.3,1,0,1,3.6,153,1
51,1,142,242,68,26.7,0,0,0,3.1,161,1
58,1,146,130,86,32.0,0,0,0,1.3,171,0
78,0,132,224,87,24.8,0,0,0,4.4,143,1
79,1,139,238,100,33.0,0,0,0,2.7,139,1
54,0,143,205,84,28.5,0,0,0,1.1,166,1
55,1,100,316,88,28.3,0,0,1,6.1,173,0
67,1,124,308,116,33.0,0,0,0,3.8,179,1
42,0,151,261,127,30.9,0,0,0,2.9,197,0
57,1,135,187,82,21.3,1,0,0,7.0,142,1
53,0,108,304,111,22.6,0,0,0,1.3,178,0
57,1,132,252,102,26.7,1,0,0,6.8,151,1
42,0,136,178,70,28.6,0,0,0,1.2,164,1
32,0,92,213,84,32.8,0,0,0,4.0,175,0
29,0,119,251,68,26.6,0,0,1,2.0,176,0
38,1,114,190,146,34.6,0,1,0,1.1,165,0
47,0,102,226,80,24.0,1,0,1,6.9,142,1
49,0,125,235,98,24.9,0,0,1,8.3,185,0
78,1,133,191,135,27.4,0,0,0,2.9,161,0
67,1,134,220,120,24.5,1,0,0,4.4,155,1
40,0,115,173,84,32.2,0,0,0,3.6,165,0
58,1,112,263,81,16.5,0,0,0,8.0,177,0
48,0,101,183,115,25.0,0,0,0,2.0,170,0
49,0,117,234,81,32.6,1,0,0,4.5,160,1
55,1,139,166,111,26.2,0,0,0,1.6,148,0
61,0,132,180,137,32.9,0,0,0,2.6,168,0
49,0,127,172,106,37.5,1,0,0,2.6,163,1
67,1,115,219,114,28.6,0,0,0,8.3,161,0
38,0,118,223,112,32.2,1,0,1,1.8,176,0
53,1,140,239,88,38.7,1,0,0,5.6,171,1
79,1,143,164,100,30.7,0,0,1,6.6,152,1
56,0,123,218,82,27.5,1,0,1,3.5,159,1
72,1,93,203,115,32.7,0,0,1,3.8,161,1
54,0,115,247,80,33.0,0,0,0,1.0,177,0
61,1,121,217,107,27.8,0,0,1,1.6,179,0
52,1,111,220,113,25.3,0,0,0,5.9,155,0
51,1,118,191,89,35.4,0,0,0,3.7,181,0
43,0,134,291,85,25.8,0,0,0,4.5,156,0
59,0,127,173,93,33.3,0,0,0,3.8,174,0
42,0,136,201,83,28.2,0,0,1,9.2,168,0
62,0,106,233,98,36.4,0,0,0,2.4,170,0
67,0,130,221,82,24.3,1,0,0,7.7,171,0
58,0,98,194,83,23.9,0,0,0,3.8,166,0
49,1,117,145,104,31.3,0,0,0,7.9,170,0
59,0,112,198,105,22.7,0,0,1,0.3,163,0
49,0,143,181,92,27.9,0,0,1,4.0,165,1
65,0,136,301,116,35.3,0,1,0,2.5,172,1
29,1,131,306,114,18.1,0,0,0,3.9,182,0
49,1,117,219,89,29.2,0,0,0,6.7,146,0
29,0,105,151,127,31.9,1,0,0,4.5,190,0
34,1,102,244,94,26.5,0,0,0,6.7,189,0
71,1,136,192,98,24.2,0,0,1,1.8,156,1
65,0,161,207,90,26.9,1,0,0,1.4,148,1
44,1,128,192,100,23.2,0,0,0,3.5,161,1
33,1,112,192,148,26.9,0,0,0,3.4,172,0
29,1,113,196,91,25.1,0,0,0,3.0,185,0
46,1,122,165,115,24.8,0,0,1,1.0,152,1
79,0,165,208,97,31.0,0,0,0,6.6,155,0
59,0,146,270,114,35.1,0,0,1,2.6,164,1
46,0,126,218,68,28.7,0,0,0,7.2,186,0
59,0,133,232,125,34.0,1,0,1,3.5,168,1
33,0,122,130,101,33.8,0,0,0,5.2,173,0
49,1,131,261,92,24.7,0,0,0,5.0,152,1
54,0,119,195,110,28.9,0,0,0,1.4,158,0
52,1,116,270,98,25.5,1,0,0,4.5,180,0
63,1,144,236,79,21.2,0,0,0,8.5,164,0
57,0,127,202,68,29.4,0,0,0,4.2,172,0
62,0,143,158,123,23.2,0,0,0,5.8,155,0
44,1,150,310,93,29.3,1,0,1,5.3,176,1
65,0,138,264,87,21.0,0,0,1,4.3,143,0
74,1,138,271,88,29.4,0,0,1,4.0,164,1
40,1,168,293,118,19.7,0,0,1,4.9,163,1
41,1,124,226,89,30.0,0,0,1,5.5,154,0
70,1,115,290,106,26.6,0,0,0,0.0,181,0
51,0,120,202,91,25.2,0,0,1,4.1,170,0
71,1,155,265,77,33.6,0,0,0,3.0,157,1
47,1,107,194,110,25.8,1,0,0,2.5,148,1
72,1,125,213,113,29.0,1,0,0,6.9,159,0
55,0,142,229,86,26.7,0,0,0,1.6,176,0
56,0,122,172,95,30.0,0,0,0,0.1,163,0
73,0,131,248,142,33.3,0,1,0,5.6,164,0
48,1,139,208,103,31.1,0,0,1,0.2,184,1
41,0,110,134,126,24.8,0,0,1,1.5,181,0
47,0,101,201,136,32.8,0,1,0,5.9,148,1
59,1,111,212,91,23.6,1,0,0,3.9,148,1
33,1,126,248,93,23.1,0,0,0,4.7,199,0
61,1,136,240,127,27.4,1,1,0,2.3,160,1
46,1,112,281,70,32.0,0,0,0,0.1,173,0
68,1,113,254,98,22.9,0,0,0,0.4,149,1
29,1,112,187,104,30.5,0,0,1,2.8,176,0
43,1,138,216,96,26.8,0,0,0,0.2,187,0
31,0,104,197,95,24.5,0,0,0,4.3,198,0
42,1,111,238,83,32.0,0,0,0,2.3,183,0
56,1,108,228,100,24.0,0,0,0,4.0,172,0
51,0,119,196,99,38.0,0,0,0,3.9,176,0
50,1,129,222,103,26.6,0,0,0,4.5,169,0
51,1,156,242,101,28.1,0,0,1,4.8,156,1
56,1,130,183,102,34.8,0,0,0,2.6,150,1
40,1,123,230,116,27.7,1,0,0,4.0,187,0
62,1,142,162,105,33.5,0,0,0,4.1,161,0
62,1,139,275,103,19.0,0,0,1,2.8,167,0
58,1,118,249,70,25.8,0,0,0,5.2,167,1
60,0,162,296,112,29.7,0,0,1,3.9,166,1
57,0,126,179,92,32.7,0,0,1,5.0,169,0
79,1,139,286,142,32.4,0,1,1,0.2,158,1
52,1,133,262,77,30.6,0,0,1,2.7,160,1
49,1,129,214,127,32.2,0,0,0,0.7,183,1
43,0,144,202,68,29.2,0,0,0,5.4,166,0
40,0,115,171,118,17.0,1,0,1,0.2,176,0
37,1,135,158,102,33.4,1,0,0,1.1,162,0
41,1,123,185,68,23.1,0,0,1,4.9,174,0
52,1,140,170,127,28.9,0,0,1,1.9,161,0
57,0,123,293,104,28.6,0,0,0,1.1,165,1
54,0,120,161,68,27.8,0,0,0,5.9,175,0
43,1,132,224,90,22.0,0,0,0,6.0,175,0
65,0,135,249,104,19.2,0,0,0,5.4,181,0
63,1,117,244,122,23.4,0,0,0,5.7,170,0
51,0,145,241,90,31.3,0,0,0,2.9,166,0
45,0,133,259,68,20.5,0,0,1,3.0,172,0
60,1,131,209,118,23.9,1,0,1,1.8,164,1
55,1,123,228,148,29.6,1,1,0,3.9,171,1
34,0,123,201,68,21.9,0,0,1,2.1,166,0
52,1,135,278,146,25.0,0,1,0,2.4,175,0
56,0,102,313,103,28.1,0,0,0,5.1,152,1
41,1,130,167,91,28.3,1,0,1,6.6,178,0
55,0,136,139,84,22.8,0,0,1,4.5,178,0
34,1,92,237,87,27.2,1,0,0,8.2,180,0
70,1,135,278,91,30.2,0,0,0,1.7,131,1
69,1,142,315,101,22.5,0,0,0,1.3,138,1
50,1,137,253,108,28.4,1,0,1,5.4,173,1
58,1,139,285,68,24.5,0,0,0,1.5,137,1
29,0,111,280,100,26.9,0,0,0,2.8,190,0
38,1,108,277,103,30.1,1,0,1,1.1,185,0
49,1,101,258,99,26.5,1,0,0,1.2,180,0
39,1,136,162,90,31.1,0,0,0,0.4,174,0
62,1,143,228,117,31.6,1,0,0,2.4,164,1
79,0,153,251,161,33.0,0,1,0,2.5,153,1
38,0,109,211,91,28.7,0,0,0,3.7,161,0
42,1,133,216,95,32.1,0,0,0,6.7,183,0
56,0,108,291,108,29.5,1,0,0,5.3,178,0
74,0,124,203,115,20.9,1,0,0,0.7,158,0
37,0,121,248,84,23.1,0,0,0,5.1,172,0
56,1,136,239,80,26.7,0,0,0,3.8,174,0
77,1,163,201,100,28.3,1,0,1,3.2,163,0
32,1,114,167,79,28.1,0,0,1,3.4,194,0
36,0,106,143,68,23.0,0,0,0,4.0,190,0
47,0,113,241,84,36.5,1,0,0,1.7,151,1
46,1,112,217,102,26.7,0,0,0,3.0,176,0
64,1,163,195,119,28.1,0,0,0,6.6,168,0
56,0,138,147,85,24.6,0,0,0,1.7,177,0
30,0,133,229,94,21.8,0,0,0,0.8,188,0
60,1,128,220,98,27.3,1,0,1,3.3,177,0
45,0,122,189,86,27.3,0,0,0,0.6,153,0
70,1,142,193,85,28.0,0,0,1,1.0,163,0
45,1,115,209,101,34.8,0,0,0,2.6,178,0
45,0,118,239,123,26.6,0,1,0,7.3,183,0
60,0,118,214,84,27.5,0,0,0,3.4,180,0
63,0,122,179,93,31.8,0,0,1,4.0,151,1
59,1,128,225,101,27.1,0,0,0,2.0,180,0
31,1,104,255,73,28.9,0,0,0,4.6,191,0
60,1,132,229,139,22.0,0,1,0,3.7,161,1
40,1,124,219,77,21.1,0,0,0,1.8,166,1
56,1,124,212,86,28.3,0,0,1,4.0,168,0
34,1,106,176,108,25.5,0,0,1,3.9,183,0
59,1,129,188,95,24.1,0,0,0,0.7,167,0
43,1,114,148,121,27.6,0,0,0,4.4,167,0
36,1,119,264,95,27.7,0,0,1,6.6,185,0
62,0,145,248,111,24.7,0,0,1,2.9,157,1
56,1,107,229,153,25.3,0,1,1,1.2,179,1
45,0,159,232,96,28.1,1,0,0,3.0,189,1
72,0,131,248,76,23.8,0,0,1,5.7,146,1
47,0,129,189,94,24.5,0,0,1,0.3,172,0
53,1,114,210,88,30.0,0,0,0,5.0,178,0
56,1,143,205,87,27.6,0,0,1,1.7,169,1
45,0,120,325,98,25.0,0,0,0,4.1,158,1
59,1,122,270,74,23.7,0,0,0,2.0,173,1
46,1,114,227,83,22.5,0,0,0,2.0,165,0
48,1,123,278,81,26.7,1,0,0,7.5,170,1
71,0,138,286,92,37.8,0,0,0,0.2,145,1
39,1,126,158,84,29.5,1,0,0,4.8,182,0
29,0,115,201,85,20.2,0,0,1,8.0,179,0
74,1,122,235,98,31.9,0,0,0,5.3,164,1
79,1,127,264,89,25.4,1,0,0,0.0,145,1
48,0,120,211,141,27.3,1,1,0,0.2,163,1
29,1,123,206,79,23.6,0,0,0,1.5,188,1
49,0,134,202,129,36.7,0,1,1,3.9,158,1
49,1,136,266,127,22.1,0,0,0,4.1,190,0
51,1,124,162,86,28.9,0,0,0,0.2,171,0
39,0,126,198,68,23.7,0,0,0,1.2,170,0
61,1,126,151,101,31.3,0,0,1,1.4,158,0
60,1,102,184,85,29.2,0,0,0,3.0,163,1
34,0,119,227,100,32.4,1,0,1,8.7,188,0
62,0,123,243,95,31.3,0,0,0,1.1,152,1
79,0,119,225,104,25.7,0,0,1,1.0,147,0
55,1,117,272,140,41.1,0,1,0,0.6,166,1
49,1,130,278,93,29.9,1,0,1,5.2,184,1
51,0,107,220,113,24.9,0,0,0,3.4,180,0
61,1,118,239,68,28.9,0,0,0,1.2,180,0
31,1,140,193,76,29.4,0,0,0,2.6,182,0
55,0,102,251,84,30.4,0,0,0,1.4,182,0
48,1,124,171,71,29.6,1,0,0,4.3,182,0
77,1,117,312,89,33.2,0,0,0,10.5,160,1
51,1,113,270,87,31.4,0,0,1,4.9,177,0
75,1,135,185,111,24.8,1,0,0,3.3,144,1
39,0,109,183,140,36.5,1,1,0,1.8,194,0
61,0,141,246,138,37.0,1,1,1,0.0,157,1
57,1,147,212,90,31.4,0,0,1,5.4,171,0
42,1,138,240,80,27.2,1,0,0,5.3,179,0
55,0,141,210,109,27.9,0,0,0,2.3,151,1
69,1,115,296,114,26.9,1,0,0,6.7,154,1
49,1,124,222,78,26.5,1,0,1,3.6,169,0
31,0,124,313,120,16.5,0,0,0,5.5,181,0
53,0,138,249,86,34.6,0,0,0,4.3,167,0
41,1,147,160,130,32.4,0,1,1,3.0,192,1
49,0,140,309,103,19.6,0,0,0,1.0,161,1
52,1,138,269,104,31.6,0,0,1,3.1,154,1
31,0,156,228,95,26.4,0,0,1,5.7,175,1
32,1,119,239,91,25.6,0,0,1,2.2,189,0
59,1,123,177,114,30.1,0,0,0,4.6,173,0
46,0,125,144,87,19.2,0,0,0,0.7,179,0
29,1,102,209,95,26.3,0,0,0,5.5,193,0
63,1,130,287,121,28.4,0,0,0,4.3,164,1
57,1,101,242,76,28.1,0,0,0,0.4,159,0
44,0,118,290,89,20.8,1,0,0,2.9,160,0
36,0,121,270,111,28.8,1,0,0,5.9,162,0
64,1,144,231,149,33.0,0,1,0,0.2,158,1
58,0,144,276,109,29.7,0,0,0,0.7,173,1
79,0,121,302,121,27.8,0,1,0,3.3,153,1
58,1,162,223,101,40.2,1,0,0,9.0,162,1
58,1,129,217,92,23.5,0,0,0,1.8,153,1
51,1,132,228,175,31.0,1,1,0,4.8,194,1
64,1,105,130,108,29.2,0,0,1,4.2,151,1
61,1,119,240,96,37.2,0,0,1,2.0,164,1
69,1,147,263,145,30.1,0,1,1,3.9,168,1
46,1,129,226,97,30.0,1,0,1,2.3,170,1
47,1,128,235,106,29.6,1,0,0,2.6,160,1
47,0,126,219,83,22.4,0,0,0,0.8,180,0
63,1,107,145,116,24.1,0,0,1,3.4,146,0
72,0,131,304,76,27.2,0,0,1,5.8,174,0
47,0,148,205,99,31.7,1,0,0,3.6,172,0
47,0,139,194,84,28.3,0,0,1,6.3,169,0
57,0,125,283,97,26.8,0,0,1,5.0,149,1
50,0,147,263,156,33.7,0,1,1,3.3,157,1
65,1,111,242,70,19.0,0,0,0,1.9,159,1
29,0,101,243,93,20.4,0,0,0,2.2,204,0
42,1,149,169,74,16.5,0,0,0,0.3,177,0
43,0,134,215,92,32.6,1,0,0,2.8,175,0
29,1,116,265,74,25.9,1,0,0,3.9,184,0
40,1,123,188,98,31.3,1,0,0,8.0,199,0
41,1,108,175,90,26.4,0,0,1,4.9,170,0
50,0,128,225,107,32.1,0,0,0,1.3,187,0
67,1,133,236,114,27.7,0,0,0,0.2,154,1
50,1,124,249,96,29.3,0,0,0,3.0,162,1
40,1,103,159,109,28.1,0,0,1,5.6,175,0
52,1,129,130,117,29.1,0,0,1,2.9,167,0
67,0,123,270,127,36.0,0,1,0,4.9,165,1
40,0,105,171,118,19.4,0,0,0,3.0,150,0
41,1,140,191,95,26.6,0,0,0,5.4,177,0
60,1,160,136,81,28.8,0,0,0,0.7,156,1
50,1,153,265,100,27.6,0,0,1,7.7,162,1
61,1,138,243,95,26.1,0,0,1,0.6,148,1
53,0,125,237,75,25.1,1,0,0,5.6,161,0
62,0,128,241,79,35.0,0,0,0,2.8,156,1
40,1,126,130,121,26.6,0,0,0,3.2,171,0
53,0,123,182,100,38.8,1,0,0,2.9,147,1
50,1,148,203,163,29.8,1,1,0,4.2,168,1
37,0,93,183,90,25.4,1,0,0,4.7,166,0
33,1,117,201,84,29.1,1,0,1,6.3,160,0
62,0,145,239,71,28.5,1,0,0,7.2,153,0
48,1,111,263,111,33.5,0,0,0,4.4,162,1
40,0,121,154,102,21.5,1,0,0,8.0,173,0
52,1,138,223,90,19.2,1,0,1,3.7,159,1
68,1,154,262,129,30.0,0,1,1,6.3,142,1
29,1,101,172,113,30.2,1,0,1,4.6,170,1
34,1,101,205,93,27.9,1,0,0,2.1,158,1
41,0,110,237,94,30.0,1,0,0,4.0,185,0
72,0,113,235,132,30.9,1,1,1,4.8,166,1
57,0,105,254,90,20.9,0,0,1,3.4,181,0
63,1,114,233,104,29.3,0,0,0,4.6,155,0
38,0,138,202,75,32.9,0,0,0,5.7,192,0
38,0,115,166,97,27.6,0,0,0,3.4,182,0
59,1,132,237,110,21.8,1,0,0,4.2,152,1
54,1,115,228,95,26.1,1,0,0,7.9,157,0
60,1,141,186,112,30.5,1,0,0,2.7,158,0
51,1,157,247,161,35.7,1,1,0,1.4,167,1
57,0,113,279,110,18.8,0,0,0,0.6,169,0
55,0,156,197,88,29.3,1,0,0,2.6,163,1
63,0,134,199,95,23.8,0,0,0,2.0,157,1
63,1,129,197,101,30.4,0,0,0,1.6,176,0
32,0,123,142,89,29.2,0,0,0,1.7,180,0
29,0,122,295,88,25.3,0,0,0,4.9,181,0
66,1,158,212,88,31.1,0,0,0,8.8,157,0
68,0,139,196,134,33.5,0,0,0,5.6,157,1
40,1,128,169,92,26.1,0,0,0,6.4,161,0
29,1,114,194,112,20.2,1,0,0,2.5,169,0
54,1,138,195,83,34.2,0,0,0,3.8,194,0
65,1,119,291,122,32.0,1,0,1,4.6,139,1
76,0,136,184,90,31.3,0,0,1,1.8,156,1
60,1,171,163,97,24.7,0,0,0,2.4,167,0
48,1,92,244,69,31.8,0,0,0,5.7,182,0
41,1,124,213,113,36.3,0,0,0,6.3,179,0
53,1,133,214,116,27.0,1,0,1,3.7,185,0
49,1,120,245,78,27.8,0,0,0,0.4,173,1
40,1,121,222,114,22.0,1,0,0,2.7,188,0
79,0,136,236,76,25.5,0,0,0,0.2,162,0
76,1,134,177,105,23.8,1,0,0,3.7,167,1
68,0,138,162,92,28.9,1,0,0,4.2,155,0
41,1,113,188,116,25.4,0,0,0,2.8,180,0
64,0,160,184,100,29.8,0,0,0,4.1,156,0
61,0,124,239,110,23.8,0,0,0,4.6,164,0
59,1,136,151,115,27.1,0,0,0,4.2,166,0
69,1,121,214,92,24.0,0,0,1,0.4,134,1
61,0,142,221,96,28.8,0,0,0,2.8,161,0
63,1,144,227,79,20.5,1,0,0,4.6,168,1
61,0,138,245,91,28.6,1,0,0,7.6,144,1
57,1,111,212,125,26.5,0,0,0,2.8,154,1
30,1,105,183,152,27.2,0,1,1,4.9,195,0
54,1,151,276,80,20.0,0,0,0,5.8,182,0
46,0,111,206,120,30.2,0,0,0,3.0,165,0
36,1,132,274,102,25.3,1,0,1,6.5,178,1
75,0,119,222,108,29.6,0,0,1,6.6,152,1
75,0,149,235,148,20.0,0,1,1,7.1,166,0
71,1,122,228,102,22.7,0,0,0,4.7,150,1
56,1,112,235,68,25.9,0,0,0,9.6,161,1
71,1,121,216,113,34.8,0,0,1,1.9,171,0
53,1,117,228,68,30.0,0,0,0,9.0,157,0
56,0,132,290,111,28.3,0,0,1,5.5,160,1
39,1,121,260,97,22.6,0,0,0,7.0,178,0
58,1,115,271,109,22.7,1,0,1,2.7,178,1
54,0,125,168,98,28.9,0,0,0,5.7,154,0
36,0,106,165,112,29.9,1,0,1,7.2,168,0
52,1,134,232,96,28.5,0,0,1,0.7,175,0
52,0,137,255,100,35.4,0,0,1,3.1,176,0
76,1,138,214,102,25.6,1,0,1,2.1,152,1
65,0,134,201,169,29.0,0,1,1,3.0,158,1
53,1,151,282,105,19.8,0,0,0,1.4,169,0
56,1,124,254,121,28.7,0,1,0,2.9,149,1
54,1,115,269,88,34.4,1,0,1,11.1,165,0
50,0,137,203,105,22.6,1,0,1,8.0,183,1
39,0,103,194,115,30.7,0,0,0,0.2,162,0
51,1,121,262,130,34.1,0,1,0,4.9,160,1
43,0,112,207,130,23.9,0,0,1,5.6,170,0
37,0,109,189,99,28.9,0,0,0,2.6,174,0
60,1,124,189,147,35.2,0,1,1,4.0,183,0
58,0,141,205,77,28.9,0,0,0,4.2,154,1
30,1,137,248,113,30.0,1,0,1,0.0,167,0
51,0,138,159,89,19.3,0,0,0,0.8,177,0
66,1,139,257,85,30.9,1,0,0,3.9,149,1
67,1,131,202,91,30.6,1,0,0,3.8,164,0
66,1,99,222,117,22.1,1,0,0,1.7,154,1
54,1,131,218,103,23.2,0,0,1,1.4,172,0
42,0,92,208,83,29.8,0,0,0,3.3,157,0
39,1,92,204,88,25.5,0,0,0,5.8,182,0
57,1,124,207,117,32.9,0,0,0,3.3,167,0
58,1,131,202,92,29.2,0,0,0,7.7,161,0
70,0,125,288,104,28.7,0,0,1,1.7,143,1
67,0,153,232,153,27.5,0,1,1,4.0,161,1
51,1,131,217,68,28.8,0,0,0,2.6,177,0
37,1,119,188,115,30.4,1,0,0,5.0,169,0
49,1,148,204,83,29.8,1,0,1,1.5,162,1
56,0,150,198,91,25.8,0,0,0,8.5,174,0
50,0,136,254,119,33.1,1,0,0,0.9,185,0
45,0,110,188,118,30.2,0,0,1,8.0,183,0
56,0,118,131,103,29.5,0,0,1,3.7,168,0
46,1,105,222,107,27.6,1,0,0,4.9,166,0
45,0,121,208,111,29.5,0,0,0,7.0,172,0
57,1,111,201,117,19.3,0,0,0,5.7,150,0
48,1,118,259,119,28.4,0,0,1,1.6,169,0
56,1,130,130,143,35.2,0,1,0,5.1,178,0
57,1,97,292,85,28.8,0,0,0,8.4,165,0
38,0,100,260,92,27.2,0,0,0,1.2,170,0
47,1,115,194,98,24.5,0,0,0,9.0,164,0
72,0,132,215,95,30.8,0,0,0,4.5,155,1
38,0,112,237,81,25.9,0,0,1,2.4,164,1
29,0,112,233,103,32.4,0,0,0,1.2,173,0
29,0,109,184,72,22.4,1,0,0,2.9,197,0
53,1,107,156,97,25.5,1,0,0,1.6,153,0
53,1,117,312,98,24.8,0,0,0,2.4,159,1
51,1,125,263,98,35.9,1,0,0,2.8,169,1
69,1,127,239,109,27.5,0,0,0,0.7,152,0
29,0,118,218,107,23.8,0,0,0,5.4,184,0
58,1,133,252,129,18.2,0,0,0,2.9,174,1
73,1,143,266,133,24.4,0,1,0,1.8,138,1
38,1,114,130,100,29.2,1,0,0,2.7,183,0
48,1,104,206,99,29.7,1,0,1,4.4,161,1
43,0,140,199,99,24.1,0,0,1,3.7,171,0
41,1,126,210,77,24.2,0,0,0,1.7,196,0
49,0,109,254,78,35.9,0,0,0,3.8,155,1
72,0,137,159,141,40.9,0,1,0,3.4,162,1
77,0,150,180,72,34.0,0,0,0,0.5,164,0
49,1,154,193,91,34.5,1,0,1,2.7,160,0
78,0,142,244,86,36.9,1,0,0,5.0,141,1
53,1,145,259,92,37.7,1,0,0,5.0,160,1
76,1,116,305,113,27.3,0,0,0,2.9,145,1
52,0,124,211,80,23.5,0,0,1,5.3,169,0
55,0,121,260,109,36.1,0,0,0,1.0,176,1
58,1,136,256,87,23.4,1,0,1,1.0,157,1
79,0,159,261,89,24.1,0,0,1,2.8,161,1
64,1,133,229,103,23.5,0,0,0,7.4,176,0
44,0,108,202,92,26.5,0,0,0,3.9,178,0
66,0,115,186,83,19.1,1,0,0,2.8,162,0
48,0,152,173,90,20.7,1,0,0,7.5,161,0
47,0,131,235,69,24.4,0,0,0,2.8,143,1
65,0,136,228,102,22.6,0,0,0,9.3,166,0
53,0,120,206,68,32.4,0,0,1,2.2,176,0
57,0,131,254,109,27.8,0,0,1,0.9,168,1
53,0,110,215,105,30.2,0,0,0,3.1,178,0
57,1,132,187,165,29.9,0,1,1,2.9,159,1
59,0,110,216,129,26.9,0,0,1,1.4,169,1
29,1,111,245,155,30.9,0,1,1,10.3,199,0
62,0,123,186,87,30.1,1,0,0,4.3,166,0
40,1,92,225,129,25.4,0,0,0,4.7,191,0
34,1,113,211,78,18.9,0,0,0,2.3,195,0
52,0,111,191,112,29.9,0,1,0,2.0,155,1
54,1,122,212,124,21.8,0,0,0,6.2,175,0
44,1,122,153,105,28.8,0,0,0,0.9,166,0
64,0,156,234,68,28.5,0,0,1,0.5,148,1
36,1,123,157,76,20.4,0,0,1,2.9,175,0
48,1,128,266,104,28.5,0,0,0,7.0,190,0
45,1,134,215,83,28.0,1,0,0,2.5,164,0
52,1,138,199,130,28.4,0,1,0,4.6,149,1
57,1,133,275,125,28.4,0,0,1,3.6,149,1
40,1,124,173,128,23.9,0,0,0,6.9,181,0
62,1,139,197,98,30.7,0,0,1,0.6,153,1
54,1,92,147,94,24.4,0,0,1,5.4,144,1
29,1,151,265,110,21.4,1,0,0,3.0,165,0
29,0,140,289,88,29.5,0,0,1,5.9,185,0
53,0,132,153,68,31.9,1,0,0,1.4,173,0
50,1,103,188,68,30.2,0,0,0,3.6,165,1
52,1,147,226,140,26.5,1,1,1,3.2,172,1
53,0,115,202,109,18.6,0,0,0,0.9,178,0
56,0,134,224,96,34.5,0,0,0,0.2,157,0
65,1,110,225,108,19.2,0,0,0,2.0,158,0
39,1,153,233,110,29.5,0,0,0,3.8,170,0
38,1,102,175,117,36.5,1,0,0,1.5,180,0
39,0,121,224,99,27.5,0,0,0,2.6,170,1
57,0,95,179,145,29.1,0,1,0,1.4,152,1
69,0,131,215,95,30.1,0,0,0,2.5,158,1
47,1,116,147,92,28.2,0,0,0,6.2,184,0
29,1,133,193,117,37.2,0,1,0,5.3,189,0
31,1,114,187,114,22.6,1,0,0,3.3,190,0
42,1,138,257,90,22.5,0,0,1,4.1,185,0
46,1,111,217,89,25.7,1,0,0,1.3,170,0
48,0,119,226,88,35.3,0,0,0,7.7,164,0
54,1,126,223,76,24.9,1,0,1,8.9,154,1
49,0,131,132,95,29.3,0,0,0,3.9,153,0
67,1,136,147,104,33.2,0,0,0,10.2,172,0
44,1,137,205,85,30.7,1,0,0,1.7,167,0
42,0,125,229,112,31.7,0,0,0,0.2,156,0
59,0,137,217,90,34.4,0,0,0,1.7,177,0
33,1,104,176,73,28.0,0,0,1,2.9,182,0
58,0,133,216,117,25.7,0,0,0,9.5,175,0
54,1,154,210,99,28.3,1,0,1,2.8,161,0
51,1,103,255,109,25.9,1,0,1,1.3,157,1
74,1,140,266,109,40.2,0,0,0,1.2,159,1
45,1,136,196,82,24.7,1,0,1,6.5,176,0
79,0,157,236,133,31.1,0,1,0,6.1,148,1
50,1,139,234,112,20.5,1,0,1,2.2,181,1
36,0,120,232,124,27.3,0,0,1,1.4,189,0
54,0,132,294,97,26.3,0,0,0,0.6,173,1
39,1,109,215,87,30.0,0,0,0,8.0,164,0
43,1,116,267,121,30.3,0,0,0,5.3,160,0
58,1,111,178,87,34.3,1,0,1,3.7,174,0
60,0,150,201,101,34.1,0,0,0,8.4,139,1
45,0,129,130,90,26.8,0,0,1,8.6,172,0
66,0,116,237,100,23.9,0,0,0,3.4,161,0
68,1,135,259,82,24.5,0,0,1,3.5,152,1
72,1,150,130,90,29.9,0,0,0,2.0,155,1
60,0,143,235,132,28.6,0,1,0,2.8,168,1
71,1,122,259,106,29.6,1,0,0,0.4,146,1
29,0,92,233,98,23.9,0,0,1,0.4,193,0
49,1,134,171,154,34.0,1,1,1,1.0,174,1
42,1,112,250,84,20.2,1,0,0,6.3,170,0
55,1,135,225,93,24.9,0,0,1,0.6,157,1
46,1,137,245,105,22.2,0,0,0,8.6,171,0
51,0,141,217,109,26.5,0,0,0,1.6,192,0
77,1,164,253,119,34.5,1,1,0,8.0,141,1
51,0,143,269,101,26.1,0,0,0,2.6,186,0
58,0,157,218,129,28.3,1,1,0,0.6,142,1
50,0,149,234,110,30.5,1,0,0,6.8,157,1
54,0,148,277,124,26.1,0,0,0,7.1,161,0
53,0,125,218,68,29.3,0,0,0,1.1,178,0
59,0,108,180,86,29.0,0,0,0,2.6,164,0
68,1,172,260,100,23.1,1,0,0,1.1,169,1
74,1,138,295,96,26.5,1,0,0,3.2,147,1
57,0,145,280,110,29.4,0,0,0,3.8,164,1
61,1,120,258,97,33.8,0,0,0,2.6,159,1
38,1,134,130,88,32.7,0,0,0,1.2,200,0
52,0,92,196,81,37.1,1,0,1,2.0,153,0
65,1,124,206,78,30.4,0,0,0,5.3,154,0
64,0,132,232,85,26.2,1,0,0,3.0,147,1
56,0,133,296,88,27.4,0,0,1,2.6,172,0
65,1,146,185,102,27.6,0,0,1,1.1,147,1
59,0,115,321,139,26.0,1,1,0,1.9,181,1
69,1,141,216,86,30.1,0,0,1,7.2,158,1
57,0,145,194,81,29.7,0,0,0,0.5,169,0
48,0,158,256,85,21.9,0,0,0,5.4,176,0
57,1,137,265,88,32.8,0,0,0,3.6,165,0
29,1,109,238,85,17.9,0,0,0,4.1,184,0
58,1,108,194,106,26.8,0,0,1,1.6,165,0
29,1,143,232,117,31.6,0,0,0,2.6,189,0
31,1,128,168,78,29.2,0,0,0,3.5,173,0
59,0,127,193,113,26.2,0,0,0,2.1,153,1
59,1,103,223,106,36.9,0,0,1,4.4,173,1
38,0,105,181,99,24.8,0,0,0,4.7,177,0
44,1,135,263,119,17.9,1,0,0,9.1,148,1
71,0,137,209,138,30.5,0,1,1,4.2,151,0
47,1,94,211,102,19.1,0,0,0,1.5,188,0
79,1,145,201,98,25.0,0,0,0,6.5,149,1
53,0,106,267,142,30.4,1,1,0,3.0,159,1
58,1,151,198,103,25.7,1,0,0,8.7,145,1
74,0,140,283,142,31.3,1,1,0,7.3,145,1
55,1,123,270,103,22.3,1,0,0,2.2,150,1
40,0,135,198,86,30.8,0,0,0,5.4,181,0
52,0,134,224,86,19.7,1,0,0,2.0,166,0
53,0,145,204,86,33.6,0,0,1,3.5,164,1
35,1,124,237,91,24.5,1,0,0,5.3,168,0
50,1,130,214,111,34.4,1,0,0,6.4,183,0
43,1,121,201,89,23.2,1,0,0,5.8,163,0
65,1,134,232,151,37.0,0,1,1,3.7,152,1
53,1,155,157,100,23.1,1,0,1,10.0,162,0
49,0,116,218,89,19.1,0,0,0,2.6,169,0
52,1,134,250,116,27.7,0,0,1,0.7,174,0
56,0,113,231,107,33.4,0,0,0,0.2,176,0
61,1,97,268,96,31.6,0,0,0,7.3,172,0
40,1,123,201,95,32.2,0,0,0,3.3,203,0
39,1,125,197,97,30.6,0,0,0,3.9,158,1
67,1,129,184,73,24.5,0,0,0,2.1,161,0
48,1,101,204,84,30.8,0,0,0,2.3,165,0
35,1,123,296,103,27.1,0,0,1,1.5,201,0
59,1,131,239,72,24.6,0,0,1,4.7,166,0
59,0,114,202,85,28.7,0,0,1,3.2,141,1
33,1,97,170,90,26.3,0,0,0,4.6,185,0
56,1,126,158,140,34.2,1,0,0,4.4,166,0
63,1,143,194,106,25.7,1,0,0,2.4,166,1
58,1,133,258,112,25.2,0,0,0,0.3,156,1
61,0,115,210,84,24.7,0,0,1,0.5,166,0
35,1,120,174,101,35.4,0,0,0,11.4,176,0
57,0,140,190,70,24.8,0,0,1,7.3,158,0
49,1,106,249,136,33.3,0,1,0,7.0,174,0
47,1,124,217,104,22.5,0,0,0,1.7,173,0
64,0,149,203,75,30.4,0,0,0,3.5,172,0
72,1,113,221,147,29.7,0,1,1,1.4,155,1
76,0,151,329,148,34.4,0,1,0,0.1,159,1
70,1,160,284,87,33.4,1,0,0,2.0,140,1
52,0,121,285,83,27.9,0,0,0,6.9,184,0
58,1,122,153,85,25.3,0,0,0,5.7,156,0
63,1,144,223,136,35.5,0,1,0,1.0,171,1
55,0,123,198,91,24.7,0,0,1,2.7,169,0
55,1,92,248,104,17.2,0,0,0,5.4,168,0
64,1,128,274,133,19.6,0,1,0,2.0,169,1
52,0,132,237,120,20.1,0,0,0,3.7,145,1
44,0,133,182,120,29.8,0,0,0,4.5,167,0
48,0,110,193,145,37.5,0,1,1,4.5,179,0
61,0,124,254,91,18.6,0,0,0,4.2,183,0
53,0,140,254,88,24.0,0,0,1,1.8,167,1
57,0,130,232,101,28.2,1,0,0,2.1,135,1
62,0,106,234,103,35.1,0,0,1,0.6,158,0
48,1,142,223,93,23.7,0,0,0,0.6,170,1
63,1,126,240,90,30.8,0,0,1,3.2,173,0
58,0,143,256,101,26.6,0,0,0,5.6,165,1
37,0,98,241,97,38.7,0,0,0,0.1,164,1
72,1,135,235,132,29.2,1,1,0,4.2,163,1
46,1,130,218,98,28.8,0,0,0,5.5,178,0
31,1,115,208,87,26.8,0,0,1,1.3,174,0
39,1,106,183,85,24.9,1,0,0,2.8,182,0
40,0,92,183,96,31.3,0,0,1,7.8,170,0
54,1,152,247,87,22.3,1,0,0,4.9,161,1
49,0,127,192,85,18.1,0,0,0,1.4,164,0
49,0,141,256,112,26.7,0,0,0,5.2,167,0
61,0,142,226,90,31.7,0,0,0,1.6,172,0
57,1,136,260,124,25.1,0,0,0,5.3,145,1
57,0,126,253,150,28.6,1,1,1,1.7,174,1
58,0,134,262,84,22.2,0,0,0,3.4,166,0
61,0,150,208,113,32.8,0,0,0,2.1,158,1
29,1,117,228,85,29.3,0,0,0,3.5,183,1
48,1,156,252,171,27.4,1,1,0,2.0,158,1
29,0,94,145,99,27.1,0,0,1,2.9,165,0
53,1,105,295,104,21.1,1,0,1,0.4,155,1
53,1,144,319,96,21.3,1,0,0,4.8,144,1
67,0,118,271,100,27.7,0,0,0,4.0,144,1
68,0,165,266,93,30.7,1,0,0,0.7,137,1
56,1,150,250,82,30.3,1,0,0,6.1,176,0
46,1,146,206,101,25.5,0,0,0,3.0,158,0
59,1,141,222,111,31.3,0,0,1,3.9,163,1
46,0,109,260,123,33.7,0,1,0,5.5,184,1
53,0,100,183,119,27.1,0,0,1,4.4,177,0
66,1,153,186,105,29.6,0,0,0,6.5,156,0
46,1,104,203,89,26.2,1,0,1,2.7,166,0
63,1,153,257,89,27.5,0,0,1,6.2,163,1
62,1,139,192,124,28.8,0,0,1,3.8,185,0
41,0,119,208,110,34.8,0,0,0,4.8,180,0
66,1,141,226,113,32.4,1,0,0,4.5,163,1
62,1,136,186,92,31.8,0,0,0,6.7,187,0
54,1,122,130,104,25.5,0,0,0,5.4,170,0
43,1,143,175,101,22.9,0,0,0,2.3,187,0
42,0,142,229,138,28.8,0,1,1,1.8,180,0
46,0,125,240,98,32.9,0,0,0,3.4,177,0
60,0,123,248,158,35.8,1,1,0,1.5,149,1
41,1,140,243,120,16.5,0,0,0,0.8,163,1
59,0,97,201,92,39.1,0,0,0,2.0,158,1
37,1,126,180,76,28.7,0,0,0,0.5,188,0
50,0,135,238,166,31.6,0,1,0,8.7,179,0
54,0,113,215,121,19.6,0,0,0,1.8,182,0
79,1,150,276,102,27.8,0,0,1,8.4,151,1
35,0,118,230,123,30.4,0,0,0,4.5,185,0
72,1,124,288,101,23.1,0,0,1,3.4,161,0
55,0,140,205,82,16.5,0,0,0,0.4,165,0
58,1,111,271,121,29.3,0,1,0,3.5,161,1
55,1,139,310,76,27.4,0,0,1,8.4,150,1
59,1,102,229,96,34.5,1,0,1,7.5,159,1
51,1,129,244,89,26.7,0,0,0,4.2,168,0
72,1,137,195,87,28.1,1,0,0,0.5,165,0
47,1,115,258,94,30.5,0,0,0,1.0,185,0
68,0,137,279,109,33.1,0,0,0,1.3,159,1
45,1,121,198,88,23.9,0,0,0,6.8,195,0
52,1,141,248,85,31.8,0,0,0,7.7,170,0
39,0,128,228,89,24.5,0,0,0,4.0,188,0
59,0,138,243,110,27.9,1,0,1,2.7,160,1
72,1,137,268,95,31.6,0,0,1,7.5,143,1
52,1,118,245,100,31.4,0,0,1,1.0,164,1
50,0,119,216,119,28.9,0,0,0,3.6,186,0
39,0,124,251,139,21.9,0,0,0,4.7,174,0
50,1,121,269,106,18.8,0,0,0,1.3,164,0
32,0,134,189,104,25.6,0,0,0,1.8,181,0
41,1,122,217,78,31.4,0,0,1,1.6,171,1
56,1,132,151,102,29.8,0,0,0,7.2,179,0
70,0,111,258,97,29.5,0,0,0,8.5,177,0
79,0,149,289,109,28.8,0,0,1,3.8,151,1
45,0,113,208,90,28.6,0,0,0,2.8,179,0
72,1,117,240,99,23.9,0,0,1,1.9,166,0
56,1,155,216,105,31.3,1,0,1,3.5,164,1
51,1,139,206,124,31.3,1,0,0,2.1,156,1
59,1,142,237,119,26.2,0,0,0,3.2,159,1
54,1,132,191,160,29.6,0,1,0,4.6,171,0
54,1,128,214,107,19.7,1,0,0,2.4,168,0
48,0,119,183,90,28.1,0,0,1,3.0,151,0
35,0,130,238,107,26.0,0,0,0,3.0,174,0
33,1,135,223,84,32.3,0,0,1,2.7,172,1
61,1,127,210,93,27.0,0,0,1,2.4,172,0
49,0,159,223,123,31.3,1,0,0,5.5,159,1
45,1,123,210,104,25.4,1,0,0,1.1,165,0
53,0,108,272,99,17.0,1,0,0,7.6,159,0
63,1,107,211,146,27.0,1,1,0,3.9,167,1
55,0,101,251,95,28.6,0,0,0,5.1,177,0
44,0,116,189,68,27.8,0,0,0,5.4,179,0
69,0,128,267,77,29.1,0,0,0,1.7,169,0
74,0,143,279,105,26.3,0,0,0,1.1,167,1
59,0,127,272,82,26.4,0,0,0,0.8,144,1
66,1,143,293,94,23.0,0,0,0,2.9,166,0
69,0,132,245,78,19.2,0,0,0,5.3,153,0
68,0,131,284,85,27.8,0,0,0,2.0,144,1
61,0,120,296,96,24.5,0,0,0,5.1,159,1
61,1,150,181,110,32.9,0,0,0,2.7,170,0
60,1,105,202,113,17.9,0,0,0,2.5,179,0
39,0,124,153,85,28.2,0,0,0,6.5,162,0
62,0,126,273,101,37.8,0,0,0,3.1,169,1
35,1,130,150,75,25.8,0,0,0,1.3,201,0
43,1,125,143,97,27.0,1,0,0,1.8,191,0
70,1,132,187,155,30.4,0,1,0,4.4,119,1
64,1,125,157,95,30.4,0,0,1,0.9,184,0
72,1,153,246,116,26.6,0,0,0,6.2,166,0
49,1,128,176,109,22.7,1,0,0,2.0,142,1
38,1,149,144,100,29.8,0,0,1,2.3,169,0
50,0,128,220,92,18.6,0,0,1,2.6,183,0
54,1,126,225,88,31.4,0,0,0,0.7,171,1
54,1,127,146,74,25.8,1,0,0,6.6,158,1
68,1,143,202,77,28.3,1,0,0,5.1,156,0
48,1,114,218,111,24.9,0,0,0,0.1,177,0
58,0,129,211,164,34.4,0,1,0,1.9,158,0
40,0,120,203,80,28.0,0,0,1,3.4,175,0
59,1,132,276,97,26.4,0,0,1,0.4,174,0
53,1,134,314,72,25.9,1,0,0,1.7,157,1
43,1,131,205,81,26.4,1,0,1,3.1,156,0
50,1,129,166,145,38.4,1,1,1,5.0,159,1
51,1,152,213,88,21.4,1,0,0,5.0,156,0
49,1,130,230,68,32.3,0,0,1,5.8,163,1
76,1,177,234,167,31.3,1,1,0,0.5,131,1
52,0,126,249,95,34.6,0,0,0,3.7,171,0
50,1,138,315,79,30.3,0,0,1,2.8,179,1
29,1,109,138,98,26.4,1,0,0,3.3,171,0
41,1,142,196,95,31.6,0,0,1,2.9,168,1
50,1,117,287,147,28.5,1,1,1,1.8,164,1
44,1,133,197,91,30.6,1,0,1,4.3,160,1
71,1,132,267,101,35.0,1,0,0,6.5,164,1
51,1,135,249,110,27.9,1,0,0,4.4,156,1
70,1,128,285,76,26.4,0,0,0,0.4,151,1
54,0,114,305,86,24.6,0,0,1,4.7,159,1
53,0,125,238,109,29.6,1,0,0,2.3,176,0
52,1,148,150,88,23.5,0,0,0,2.4,166,0
53,1,136,194,140,25.9,1,1,1,1.5,186,1
75,0,114,328,134,24.2,0,1,0,4.9,157,1
29,0,132,151,90,28.7,0,0,0,1.4,196,0
29,1,103,231,89,22.9,0,0,0,0.6,180,0
46,1,138,130,77,21.3,1,0,0,6.4,159,0
53,1,137,167,103,22.4,1,0,1,3.0,164,0
62,0,142,266,112,25.4,1,0,1,3.1,151,1
59,1,155,228,138,25.6,0,1,0,5.3,142,1
48,1,111,205,110,28.5,0,0,0,1.8,182,0
66,1,139,197,134,27.5,0,1,0,2.3,159,1
66,1,149,147,88,29.9,0,0,0,4.3,151,1
55,1,116,254,102,29.7,0,0,1,0.5,170,1
66,0,119,219,102,31.6,0,0,0,4.1,160,1
57,1,122,162,94,19.0,0,0,0,1.5,180,0
46,1,127,221,106,22.0,0,0,0,5.7,177,0
62,1,107,253,77,30.6,0,0,0,4.9,160,1
54,0,138,216,91,28.6,1,0,1,4.6,172,1
53,1,104,229,110,32.0,0,0,0,0.7,167,1
72,1,152,236,110,21.4,0,0,0,3.2,157,1
29,1,128,181,109,24.2,1,0,0,0.4,194,0
35,0,151,216,111,25.3,1,0,0,3.4,163,0
38,0,133,246,90,27.6,1,0,1,2.5,165,1
48,0,119,264,115,27.5,0,1,0,0.5,166,1
50,0,112,255,92,29.6,0,0,0,6.6,166,0
33,1,125,184,106,26.0,1,0,0,4.5,190,0
40,1,120,243,108,33.2,0,0,0,2.6,160,0
42,1,139,237,88,34.8,0,0,1,1.1,174,0
79,0,125,208,81,23.7,1,0,0,0.7,142,1
76,0,164,217,83,28.9,0,0,1,4.0,171,0
48,1,146,249,88,31.0,1,0,0,2.6,178,0
48,0,124,279,68,30.0,1,0,0,7.5,170,0
38,1,146,139,88,24.9,0,0,0,3.0,188,0
29,1,108,279,97,27.5,1,0,0,3.7,166,0
51,1,127,271,95,20.2,0,0,0,0.1,191,0
40,0,105,225,91,26.8,1,0,1,2.6,164,0
52,0,156,213,86,20.8,1,0,0,4.0,179,0
32,1,96,228,87,28.8,1,0,0,2.5,184,0
43,0,100,191,88,21.9,0,0,0,2.2,177,0
55,0,116,217,107,28.4,0,0,0,4.3,180,0
58,0,151,164,96,29.3,1,0,0,7.4,172,0
58,0,141,153,144,28.1,0,0,0,3.9,165,0
36,1,121,312,91,23.8,0,0,0,6.5,174,0
64,0,145,232,103,27.1,0,0,1,5.1,162,0
43,0,124,227,91,32.5,1,0,0,6.3,170,0
61,0,135,227,91,26.0,0,0,0,1.9,166,1
53,1,150,189,119,27.6,0,0,0,3.0,179,0
35,0,119,201,111,24.1,1,0,1,3.0,181,0
49,0,116,225,70,32.0,1,0,1,4.9,169,0
58,1,138,218,81,28.2,1,0,0,5.6,154,1
61,0,139,196,94,24.4,0,0,0,3.8,166,0
51,1,126,243,88,27.5,0,0,1,5.8,150,0
73,1,148,243,73,27.4,0,0,0,2.0,146,1
66,1,127,247,98,34.6,0,0,0,5.8,166,0
50,0,130,252,68,27.2,1,0,1,6.1,176,0
63,0,135,222,98,21.7,0,0,0,5.3,161,0
78,1,139,230,107,31.1,0,0,0,3.8,154,1
78,0,159,300,109,37.0,0,0,1,5.4,155,1
37,1,125,175,94,32.3,0,0,1,1.2,185,0
41,1,120,138,119,21.9,1,0,0,4.0,170,0
72,0,140,257,101,27.3,0,0,0,4.3,144,1
39,0,135,190,109,26.7,0,0,0,0.0,181,0
36,0,130,169,85,26.6,0,0,1,4.7,200,0
47,0,134,258,119,29.0,0,0,1,0.3,161,0
58,0,105,220,96,26.2,0,0,1,2.4,163,0
52,1,92,170,120,23.3,1,0,0,3.6,161,0
45,1,141,301,116,31.5,0,0,0,1.6,199,0
44,1,128,151,100,21.9,0,0,0,3.7,163,0
44,0,125,215,102,23.4,1,0,0,3.7,169,0
42,0,131,138,93,21.8,0,0,0,1.4,171,0
79,0,164,249,84,31.7,0,0,0,5.0,137,1
57,1,148,199,150,28.2,0,1,1,1.5,151,1
65,1,144,265,104,32.2,0,0,0,9.4,166,0
47,0,110,220,72,23.6,0,0,1,3.2,179,0
51,0,117,279,95,21.7,1,0,0,0.5,160,1
44,1,92,201,109,25.1,1,0,1,0.9,186,0
29,1,126,143,118,25.5,0,0,0,6.5,158,0
35,1,135,224,107,27.6,0,0,0,2.4,165,0
29,1,134,200,73,18.6,0,0,0,0.0,174,1
29,1,126,134,80,28.6,0,0,1,5.7,183,0
37,1,117,171,91,22.6,0,0,0,2.4,173,0
70,0,123,202,117,25.4,0,0,1,5.2,154,0
52,1,112,288,87,32.9,0,0,0,5.9,174,0
70,1,133,263,112,18.4,1,0,0,4.2,170,0
58,1,116,212,87,29.3,1,0,1,9.7,170,0
63,0,155,249,104,29.5,0,0,1,1.0,162,1
41,1,105,131,82,23.2,1,0,0,1.4,171,0
60,1,125,204,93,25.8,0,0,0,2.8,175,0
62,1,104,245,79,33.6,1,0,0,9.4,179,0
46,0,127,227,118,36.2,0,0,1,8.2,179,1
60,0,128,205,86,32.8,0,0,1,6.9,158,1
60,1,122,226,73,36.6,0,0,1,1.4,166,0
46,1,108,234,72,24.0,0,0,1,1.7,178,0
38,1,119,215,95,19.5,0,0,0,1.3,171,0
38,0,111,252,89,26.6,0,0,1,1.5,187,1
54,0,123,238,151,31.3,0,1,0,7.4,170,0
57,1,156,247,92,19.2,0,0,0,2.9,178,1
43,1,124,290,113,22.8,0,0,0,3.2,163,1
53,0,133,258,90,23.8,0,0,0,5.5,148,0
60,0,121,301,111,29.5,0,0,0,0.8,159,1
61,1,116,200,82,29.0,0,0,1,3.6,163,0
73,1,132,168,73,25.0,0,0,1,0.6,135,1
70,1,169,227,84,29.2,0,0,1,2.7,150,1
40,0,120,207,79,21.6,1,0,1,2.0,187,0
75,0,139,297,77,26.7,0,0,1,1.8,159,1
46,0,110,172,102,21.4,0,0,0,4.1,174,0
67,0,92,228,92,27.6,0,0,0,4.1,147,0
54,1,114,241,98,23.9,0,0,1,2.9,181,0
48,1,159,225,104,30.5,0,0,0,4.5,166,1
29,1,125,203,71,26.2,0,0,1,1.2,184,0
51,0,153,238,105,26.4,1,0,0,5.3,170,0
33,0,112,258,78,34.7,0,0,0,3.0,182,1
66,1,95,295,87,30.0,0,0,0,2.2,176,0
73,1,116,236,113,26.9,0,1,1,1.4,161,1
43,0,127,184,106,24.4,0,0,1,2.9,178,0
57,0,134,290,71,22.3,1,0,0,8.4,161,0
44,0,122,173,78,26.8,0,0,0,3.3,178,0
45,1,114,294,79,28.6,0,0,1,0.5,170,1
63,0,147,286,94,19.2,1,0,0,5.9,160,1
52,0,117,286,94,21.2,0,0,1,2.3,164,1
76,0,138,265,108,26.3,0,0,1,4.2,147,1
47,0,126,132,94,22.2,0,0,1,1.9,161,0
66,0,125,187,110,28.4,0,0,0,6.8,156,0
54,0,112,237,102,28.4,0,0,1,2.0,163,0
63,0,127,201,82,27.5,1,0,1,7.1,178,0
47,1,151,207,86,29.8,0,0,0,0.8,182,0
52,1,141,249,119,24.8,0,0,1,2.7,167,1
51,0,140,215,114,27.2,0,0,0,7.1,164,1
42,0,109,166,108,22.4,0,0,1,3.9,181,0
62,1,107,266,110,29.3,0,0,0,9.4,183,0
61,1,145,250,103,28.3,0,0,0,2.8,171,1
61,0,142,218,101,22.4,0,0,0,4.2,143,1
73,0,139,265,142,27.8,1,1,1,8.5,161,1
72,0,127,238,121,28.3,0,0,0,0.4,167,1
48,1,105,277,89,28.6,1,0,0,0.8,192,0
58,0,144,233,100,29.3,1,0,0,1.4,159,1
45,0,144,275,70,23.8,1,0,1,5.6,171,1
53,1,119,145,120,31.1,1,1,0,0.7,170,0
45,1,115,239,123,29.6,1,0,0,5.1,161,0
74,0,152,218,105,25.3,0,0,0,4.9,144,1
58,1,121,190,93,22.5,1,0,1,8.7,166,0
50,0,155,271,97,24.4,1,0,0,6.2,150,1
69,0,130,270,76,21.6,0,0,1,4.4,143,1
29,0,110,130,90,27.3,0,0,0,7.0,192,0
29,1,121,241,74,31.8,1,0,0,4.9,186,0
63,0,123,254,92,34.6,0,0,0,2.3,175,0
54,1,142,194,106,22.6,0,0,0,0.5,172,0
56,0,140,190,148,31.3,0,1,0,2.0,166,1
36,1,135,147,120,27.1,0,0,0,3.4,193,0
53,0,128,209,100,16.5,0,0,1,4.0,163,0
79,0,128,230,68,27.3,0,0,1,2.1,147,1
64,1,133,263,125,26.1,1,0,0,2.9,157,1
55,1,120,236,83,33.2,0,0,0,3.6,171,0
47,0,145,176,98,23.2,0,0,1,4.9,171,0
48,1,142,231,98,29.9,1,0,1,7.7,151,0
29,1,119,200,100,25.9,1,0,0,4.0,177,0
56,1,112,186,97,21.0,0,0,0,1.1,165,0
64,0,152,163,97,25.6,0,0,0,1.2,162,0
33,0,120,239,76,33.6,0,0,0,5.3,176,0
44,1,124,237,135,26.3,1,0,0,1.2,176,1
38,0,143,239,106,31.0,0,0,0,5.8,160,0
40,1,113,186,97,30.8,0,0,0,7.1,181,0
54,1,125,231,169,25.5,1,1,1,0.5,184,1
29,1,113,153,80,20.4,0,0,0,4.9,176,0
61,1,108,187,109,22.7,0,0,0,6.9,163,0
63,1,138,231,88,34.7,1,0,0,6.1,155,1
50,0,117,233,102,28.1,1,0,0,2.0,164,0
29,1,107,142,102,18.4,0,0,0,1.3,172,0
40,0,110,172,68,30.7,0,0,1,0.2,198,0
69,1,122,217,120,20.1,0,1,0,4.9,161,0
29,1,103,251,120,22.5,0,0,0,4.6,176,0
48,1,127,187,92,27.7,0,0,0,3.5,162,0
38,0,117,221,171,38.4,0,1,0,2.7,178,1
63,0,130,239,116,31.8,0,0,0,5.6,137,0
44,1,157,208,93,24.9,0,0,1,3.9,185,0
58,1,125,238,136,27.9,0,1,0,3.9,159,0
60,1,141,171,166,32.1,1,1,0,2.6,164,1
77,0,145,209,128,35.3,0,0,1,0.7,157,1
50,1,123,282,92,26.3,0,0,1,3.5,180,0
58,0,131,290,119,26.8,0,0,1,3.6,170,0
34,1,118,249,111,22.8,0,0,0,5.1,188,0
68,1,138,278,114,31.4,1,0,0,5.3,166,1
43,0,117,141,98,31.8,1,0,0,3.7,167,0
46,1,115,180,86,18.3,0,0,0,6.3,196,0
53,1,125,211,80,25.7,0,0,0,2.5,171,1
33,0,92,314,76,21.0,0,0,1,0.3,180,1
56,1,149,212,125,28.4,0,0,0,4.7,156,1
66,1,166,262,96,22.5,1,0,0,3.8,154,1
57,1,129,242,79,21.7,0,0,0,4.8,169,0
32,1,127,227,111,31.7,0,0,1,0.2,182,0
51,0,141,222,89,26.7,0,0,0,8.2,189,0
63,1,109,179,86,27.8,0,0,0,5.3,157,0
29,0,130,130,127,28.3,0,0,1,2.8,191,0
39,0,117,270,76,31.3,1,0,0,1.1,161,0
64,0,164,204,100,26.2,0,0,1,6.3,184,0
57,0,124,147,87,25.9,0,0,0,0.6,152,0
58,0,141,245,85,26.0,0,0,1,9.4,187,0
77,0,136,254,74,33.7,1,0,0,1.9,147,1
59,1,160,259,97,27.5,0,0,0,8.0,139,0
62,1,121,275,83,26.7,0,0,0,3.0,177,0
79,0,152,199,105,30.6,0,0,1,7.6,152,1
50,1,133,185,95,35.8,0,0,0,1.6,165,0
43,0,131,205,91,27.4,1,0,1,3.5,178,0
59,1,131,261,83,26.6,0,0,0,5.6,171,0
59,0,117,139,117,36.8,0,0,1,5.2,168,0
46,1,92,225,107,33.3,1,0,0,6.4,182,0
40,0,136,256,86,32.4,0,0,0,2.2,179,0
79,1,128,275,76,26.5,0,0,0,3.7,158,0
57,1,144,256,68,25.0,0,0,0,6.7,159,0
43,0,131,263,113,18.6,1,0,1,1.7,179,0
65,0,148,130,110,32.6,0,0,1,5.0,154,0
52,0,137,291,112,27.9,0,0,0,2.9,156,1
50,0,92,236,94,19.1,0,0,1,4.0,167,1
60,1,137,284,108,33.4,0,0,0,3.7,160,0
36,0,114,165,111,25.1,0,0,0,1.5,189,0
58,1,145,153,95,26.8,0,0,1,2.8,148,0
78,0,144,312,91,21.8,0,0,0,3.9,163,1
59,1,136,188,81,30.1,0,0,0,3.2,157,1
48,1,123,208,102,29.6,1,0,1,7.6,141,1
46,0,109,242,104,27.0,0,0,0,6.1,159,0
48,0,121,253,90,25.4,1,0,0,4.3,164,0
50,1,97,267,137,39.5,0,1,1,1.5,174,1
48,0,114,230,93,21.8,0,0,0,1.4,169,0
65,0,108,186,108,24.8,0,0,0,8.6,146,0
30,1,95,241,75,29.7,0,0,1,0.9,174,0
64,0,131,260,79,23.4,0,0,0,3.8,147,0
48,1,131,145,80,22.3,0,0,0,4.4,174,0
58,1,131,286,94,33.0,1,0,0,2.7,160,1
38,0,116,130,101,29.6,1,0,1,0.9,181,0
70,1,117,276,80,30.6,0,0,0,1.5,137,1
69,1,126,206,110,29.2,0,0,0,2.1,151,1
65,0,117,260,118,25.0,0,0,0,1.7,182,0
33,1,121,234,102,25.4,1,0,1,7.0,185,0
64,0,106,228,113,27.7,0,0,0,3.5,157,1
58,0,138,245,82,31.7,0,0,0,2.1,153,1
32,1,109,208,83,28.5,0,0,0,3.8,193,0
53,1,131,254,104,23.3,0,0,0,5.2,184,0
58,1,140,318,95,31.4,0,0,0,2.6,152,1
60,0,133,171,128,20.2,0,1,0,5.8,151,0
55,1,138,130,117,26.2,0,0,0,0.2,169,0
57,0,96,208,100,22.5,0,0,0,6.5,169,0
72,1,125,214,107,24.6,0,0,0,3.5,161,1
69,0,148,217,131,37.2,0,1,1,3.4,177,1
29,1,128,172,121,19.6,1,0,0,1.7,169,0
49,1,151,258,94,23.6,0,0,0,0.3,171,0
51,1,154,165,111,29.8,1,0,0,0.8,174,1
30,0,121,230,87,24.2,0,0,0,1.5,190,0
54,0,122,251,99,28.3,0,0,0,5.0,160,0
69,1,121,246,149,34.9,1,1,1,1.0,147,1
39,1,113,236,126,29.9,0,0,0,0.5,172,0
57,1,125,266,89,25.6,1,0,1,1.1,181,0
41,1,112,219,99,26.3,0,0,0,2.5,165,0
44,0,108,204,105,29.5,0,0,0,2.6,170,0
72,0,138,255,120,31.4,0,1,0,3.2,164,0
46,0,148,245,68,27.3,0,0,0,6.2,160,1
59,1,141,264,81,29.5,0,0,1,6.7,166,1
29,1,115,139,111,28.0,1,0,0,8.7,159,0
77,0,153,229,167,28.3,1,1,1,0.7,151,1
61,1,133,183,82,25.2,0,0,0,1.3,163,0
51,0,128,246,78,30.9,1,0,0,5.3,168,0
60,1,130,258,119,29.2,1,0,0,2.3,150,0
35,1,115,202,88,17.1,0,0,0,5.7,182,0
68,0,141,201,90,24.5,0,0,0,4.0,157,1
49,1,126,247,118,25.1,0,0,0,7.6,184,0
50,0,113,216,115,26.5,0,0,1,6.2,177,0
47,1,111,280,110,32.8,0,0,0,6.3,156,1
45,1,131,294,70,41.9,1,0,0,2.4,161,1
62,1,135,271,77,16.7,0,0,1,3.2,155,0
56,1,126,235,113,29.1,1,0,0,2.7,165,1
61,1,111,305,146,28.3,0,1,1,0.4,160,1
53,1,144,234,84,26.7,0,0,1,7.3,166,1
60,0,143,207,91,30.4,0,0,0,5.4,194,0
48,0,93,193,113,28.0,0,0,1,2.6,165,0
79,1,155,208,119,27.2,0,0,0,6.9,166,0
33,1,114,212,96,26.7,0,0,0,1.9,179,0
69,1,134,252,86,30.9,0,0,0,1.3,133,1
71,0,149,174,92,30.6,0,0,1,6.1,158,1
42,0,146,199,116,27.9,0,0,0,0.2,187,0
79,1,150,247,116,26.2,0,0,0,3.0,158,1
66,0,134,258,144,41.2,0,1,0,4.0,162,1
66,1,109,230,88,29.9,0,0,0,4.5,159,0
53,1,99,234,112,31.1,1,0,0,5.7,159,0
50,1,137,170,120,25.1,0,0,0,5.0,179,0
50,0,148,184,74,28.3,1,0,1,4.9,162,1
58,1,119,224,93,28.6,1,0,1,1.4,154,1
71,1,128,255,113,19.7,0,0,1,4.3,160,1
55,1,118,234,97,24.4,0,0,0,0.4,163,0
41,0,112,181,89,23.6,0,0,0,7.6,189,0
64,1,149,220,99,25.3,1,0,0,0.1,163,0
65,1,133,294,102,23.2,0,0,0,2.6,151,1
62,1,125,251,124,28.2,0,1,0,0.1,149,1
63,0,169,222,97,34.5,0,0,0,1.6,155,1
49,1,102,178,102,28.0,0,0,1,3.5,196,0
41,0,129,187,89,21.5,0,0,0,2.1,173,0
42,1,105,218,84,22.3,0,0,0,6.5,183,0
32,1,115,224,88,24.8,0,0,0,4.1,167,0
56,0,133,249,81,21.2,1,0,0,2.3,151,1
52,0,137,239,109,28.9,0,0,0,3.2,166,1
47,1,119,205,81,33.5,0,0,1,6.7,190,0
29,0,111,189,99,23.7,0,0,0,5.9,169,0
37,1,119,301,90,27.1,1,0,0,0.5,168,1
68,1,115,209,85,26.3,0,0,0,1.7,168,0
44,0,135,164,117,24.2,1,0,0,4.7,188,0
58,0,131,158,94,28.7,0,0,1,4.4,169,0
35,1,129,199,86,23.6,1,0,1,0.8,184,0
72,0,131,274,85,24.8,0,0,0,5.4,145,0
51,1,125,198,101,20.0,1,0,1,1.2,151,0
57,1,144,288,108,28.0,0,0,0,6.9,152,1
79,0,154,238,115,33.8,1,0,1,4.9,138,1
73,0,158,281,93,31.8,1,0,0,0.6,154,1
49,0,129,190,93,34.2,0,0,1,2.1,157,0
45,0,142,188,98,24.0,0,0,1,2.1,176,0
49,0,117,225,99,31.3,0,0,0,3.9,167,1
60,1,125,248,84,22.8,0,0,0,3.0,157,0
52,0,143,216,118,30.8,0,0,0,0.5,178,0
48,0,136,233,141,34.9,0,1,0,0.1,160,1
72,0,128,259,104,30.8,0,0,0,4.9,171,0
52,1,109,163,147,35.1,0,1,0,4.2,177,0
79,1,136,224,102,26.1,1,0,0,3.8,137,1
54,1,115,202,81,27.0,0,0,0,4.2,180,0
76,1,160,217,96,24.5,0,0,1,1.9,140,1
58,1,138,243,130,28.0,0,0,0,4.0,179,0
66,0,119,210,120,29.4,0,0,0,10.1,163,0
44,0,106,134,98,27.2,0,0,0,6.6,156,0
42,1,109,208,90,24.8,0,0,1,2.8,160,0
59,1,119,182,68,25.6,0,0,0,2.1,159,0
66,0,128,252,89,29.8,0,0,0,3.9,169,0
54,1,142,258,95,26.9,0,0,0,6.3,165,0
36,0,104,130,91,21.4,0,0,0,5.5,176,0
35,1,153,181,92,17.9,0,0,1,2.1,180,0
34,1,104,228,105,23.9,0,0,0,0.2,158,0
30,1,95,152,81,20.0,0,0,0,0.5,192,0
54,0,151,257,100,23.8,0,0,0,4.7,182,1
68,1,151,276,94,26.4,0,0,0,3.3,166,0
53,0,122,217,83,26.9,0,0,0,5.3,163,0
29,1,126,178,121,23.3,1,0,0,3.7,170,0
51,1,130,130,107,37.5,0,0,1,6.0,157,0
51,0,126,257,84,21.6,0,0,0,4.5,156,0
79,1,116,322,104,34.4,0,0,0,5.7,176,0
34,1,92,289,75,25.9,0,0,0,1.9,179,0
48,1,111,213,86,24.3,0,0,1,0.3,181,0
75,0,161,190,116,31.4,0,0,0,2.6,163,1
59,1,155,262,101,25.8,0,0,1,6.3,165,0
60,1,124,222,100,24.2,0,0,1,8.4,153,1
54,0,111,244,111,35.8,0,0,1,3.1,173,1
57,0,131,239,105,17.7,0,0,0,1.9,153,0
63,0,136,233,92,26.9,0,0,1,1.6,168,1
42,0,130,261,110,27.9,0,0,1,5.7,163,0
64,0,92,274,71,34.6,0,0,0,2.1,156,1
35,1,166,192,86,24.8,0,0,0,11.2,174,0
57,1,144,187,140,40.0,0,1,0,1.6,180,1
55,0,127,130,104,31.1,1,0,0,9.0,136,1
45,0,115,205,91,16.5,1,0,1,5.4,195,0
53,0,144,178,69,20.9,1,0,1,0.8,156,1
45,0,130,237,68,28.2,0,0,0,4.1,171,0
39,1,121,202,95,21.6,0,0,1,5.5,181,0
48,1,134,211,89,29.8,1,0,0,2.9,171,1
39,0,118,250,82,24.8,0,0,1,5.7,186,0
57,1,137,243,80,22.2,1,0,0,5.6,169,1
38,0,130,210,98,22.4,0,0,0,5.1,200,0
62,0,138,299,116,31.9,1,0,0,3.5,167,1
38,1,124,246,98,17.5,0,0,1,0.4,176,0
46,0,143,202,116,32.0,0,0,0,3.3,166,0
45,0,98,204,90,32.1,0,0,0,4.0,166,0
70,0,120,266,148,26.9,0,1,1,1.4,171,0
57,1,127,234,116,21.3,0,0,0,3.9,184,0
50,0,113,175,94,30.0,0,0,0,3.2,181,0
59,1,121,265,96,25.6,0,0,0,0.1,129,1
29,0,135,263,90,19.4,0,0,1,2.6,158,0
52,1,123,273,105,36.3,0,0,1,2.7,168,1
79,0,108,303,110,24.8,0,0,0,8.5,149,1
55,0,120,312,101,20.9,0,0,0,4.1,166,1
54,0,126,297,93,28.9,0,0,0,6.2,181,0
60,0,132,242,74,27.6,1,0,0,3.2,173,0
65,1,138,221,95,35.0,0,0,0,1.4,162,0
29,0,123,134,93,24.6,0,0,0,5.2,166,0
31,1,119,212,100,24.7,1,0,0,1.8,165,1
56,0,108,247,98,29.2,0,0,0,2.6,166,0
44,1,119,221,120,28.0,1,0,1,0.8,175,0
70,0,122,154,86,29.5,0,0,0,3.7,143,0
49,1,119,209,72,28.6,0,0,1,6.3,177,0
29,0,126,238,79,27.1,0,0,1,5.9,164,0
37,0,125,172,86,24.8,0,0,0,7.6,149,0
29,1,128,217,112,30.2,0,0,1,8.0,174,0
50,1,118,240,77,25.7,0,0,1,1.8,185,0
51,0,147,270,124,31.2,0,1,1,0.4,186,0
47,0,133,292,102,33.6,0,0,0,1.2,154,1
67,1,136,215,109,25.1,1,0,0,5.1,139,1
69,1,140,240,73,39.4,0,0,1,1.7,166,1
51,1,118,232,69,24.2,1,0,1,2.2,161,0
29,0,92,238,84,23.1,1,0,0,2.9,195,0
61,0,119,251,106,30.4,0,0,0,4.5,171,1
60,1,143,287,98,29.9,1,0,0,0.4,170,1
57,0,128,130,85,28.1,0,0,1,0.2,156,1
66,0,128,248,107,32.0,0,0,1,3.5,164,1
38,0,107,236,98,28.0,0,0,0,6.6,199,0
79,1,110,228,94,38.4,1,0,0,3.4,149,1
41,1,142,130,72,26.7,0,0,1,1.4,175,1
63,1,130,227,84,24.1,1,0,0,2.1,153,1
31,1,114,182,125,23.9,1,0,1,6.0,161,0
41,1,111,288,91,29.1,0,0,0,1.6,163,0
73,1,152,250,82,30.8,0,0,0,0.5,145,1
50,1,137,189,90,28.3,0,0,0,1.0,151,0
64,0,115,143,98,24.2,0,0,0,0.2,143,0
56,1,144,250,109,32.8,0,0,0,1.0,139,1
52,0,127,252,105,36.4,1,0,0,2.9,157,1
71,1,123,224,86,28.6,0,0,1,0.4,163,1
50,0,120,247,115,35.7,0,0,1,4.0,166,0
30,1,109,196,108,30.4,1,0,1,2.9,176,0
43,0,102,263,89,37.3,0,0,0,9.3,182,0
60,0,143,269,94,30.1,1,0,0,0.9,179,0
58,1,124,158,105,28.4,0,0,0,3.9,189,0
33,0,131,154,112,30.4,1,0,0,4.0,179,0
44,1,126,304,73,25.1,0,0,0,0.8,170,0
45,0,130,258,142,29.0,0,1,1,3.7,168,1
48,1,93,168,96,33.4,0,0,0,5.5,177,1
35,1,105,148,87,30.4,0,0,0,3.8,178,0
45,1,131,228,132,27.0,0,1,0,7.1,171,1
44,0,107,171,112,28.0,1,0,0,2.2,169,0
63,1,139,216,104,31.5,1,0,1,1.3,148,1
64,0,108,228,173,31.4,0,1,0,7.3,135,1
51,1,125,219,87,30.9,0,0,0,5.9,161,0
48,1,151,268,98,28.9,1,0,0,4.9,184,1
55,1,142,302,101,23.9,1,0,1,6.7,179,0
42,0,93,197,109,23.9,0,0,0,1.5,185,1
38,0,132,168,116,28.9,0,0,1,5.6,172,0
41,1,152,233,97,30.8,1,0,0,6.3,164,1
45,0,164,288,80,30.4,0,0,1,1.8,191,0
38,1,127,198,85,23.7,0,0,1,10.3,165,0
55,1,109,260,98,27.0,1,0,0,4.0,164,0
62,0,135,193,113,22.6,0,0,0,2.2,180,0
32,1,145,213,74,20.1,1,0,0,4.5,180,0
53,1,122,175,78,27.9,0,0,1,1.6,164,0
50,0,140,222,107,33.6,0,0,1,6.5,182,0
57,1,118,221,77,28.2,1,0,0,4.9,163,0
53,0,135,249,124,36.3,1,1,0,1.9,167,1
34,0,92,288,113,25.8,1,0,1,7.4,194,1
37,0,109,199,93,26.9,1,0,1,5.9,147,1
53,0,125,140,92,23.0,0,0,0,1.3,171,0
66,0,129,222,117,26.6,1,0,1,3.1,148,1
29,1,101,223,80,20.9,1,0,0,4.8,178,0
57,0,119,234,77,20.6,0,0,0,2.6,166,0
68,1,136,225,120,22.9,0,0,1,2.6,150,1
51,0,123,285,99,27.8,0,0,1,3.6,171,0
60,1,129,233,106,24.5,0,0,0,0.7,167,0
44,0,133,214,91,24.8,0,0,0,2.3,176,0
51,0,119,190,94,29.3,0,0,0,4.1,170,0
32,1,138,139,85,19.4,0,0,0,1.7,180,0
29,0,101,224,101,26.7,0,0,1,0.9,182,0
65,1,159,241,153,32.1,0,1,0,1.1,161,1
40,1,141,172,99,31.2,1,0,0,0.8,163,0
47,0,118,218,157,29.6,0,1,1,4.6,185,0
35,1,114,208,106,26.4,0,0,0,2.9,178,0
35,1,121,188,80,23.8,0,0,0,2.8,175,0
51,1,137,189,94,27.1,1,0,0,0.1,170,0
44,1,142,236,134,34.7,1,1,0,1.8,169,1
58,0,107,217,152,29.1,0,1,0,4.5,178,0
59,0,134,202,103,27.4,0,0,0,3.4,173,0
57,0,95,190,98,30.3,0,0,1,5.6,166,0
56,1,124,220,111,27.9,0,0,1,6.0,176,0
74,0,155,274,68,29.6,0,0,0,2.8,156,1
39,0,99,225,132,25.7,0,1,0,1.3,164,1
52,0,101,213,88,25.6,0,0,0,1.5,178,0
68,1,134,245,100,32.9,0,0,0,3.2,137,1
69,1,152,290,104,19.4,0,0,0,1.5,118,1
35,0,123,234,96,28.9,0,0,0,0.8,187,0
49,0,95,232,76,25.2,0,0,0,3.7,175,0
71,1,107,260,102,19.7,0,0,1,9.8,160,0
60,0,129,221,98,23.4,0,0,0,2.2,178,0
56,1,109,233,74,27.5,0,0,0,3.5,165,0
50,1,130,201,92,27.9,1,0,1,0.1,162,1
48,0,126,156,147,30.7,0,1,1,6.7,180,0
57,0,119,240,121,31.5,0,0,0,5.8,157,1
50,1,151,237,80,20.3,0,0,1,5.6,167,1
52,0,134,211,108,29.2,0,0,1,7.0,171,0
54,0,148,268,80,31.0,1,0,0,2.4,168,1
44,1,140,188,77,28.1,1,0,0,2.7,167,0
60,0,126,153,78,30.2,0,0,1,7.9,158,0
79,0,136,209,105,20.0,1,0,0,5.1,135,1
30,0,112,146,98,21.8,0,0,1,2.3,174,0
57,0,141,240,91,34.0,1,0,1,4.7,182,1
43,0,116,187,103,25.8,1,0,0,2.0,168,0
61,1,154,269,142,38.2,0,1,0,5.8,164,1
54,1,114,265,98,21.7,0,0,1,4.6,150,1
63,0,132,190,91,35.2,0,0,0,1.0,189,0
68,0,127,198,81,25.5,0,0,0,4.2,148,0
56,1,124,248,121,31.7,1,0,1,4.0,150,1
68,1,163,273,162,26.9,0,1,0,4.4,157,1
29,0,109,130,120,26.9,0,0,0,5.0,173,0
74,1,133,247,88,31.3,1,0,0,7.4,155,1
58,1,117,134,86,25.0,0,0,1,4.6,148,0
67,0,131,208,90,31.9,0,0,1,3.6,171,0
37,0,118,261,112,25.5,0,0,0,6.5,188,0
42,0,108,344,96,27.8,1,0,0,9.3,170,1
55,0,120,215,88,16.5,0,0,0,5.9,148,0
53,1,134,171,101,26.0,0,0,0,4.0,159,0
57,0,142,204,85,33.6,0,0,0,4.6,166,1
67,1,135,234,76,31.4,1,0,0,4.2,142,1
30,1,117,183,98,30.5,0,0,0,3.5,171,0
66,0,125,192,88,28.4,0,0,1,9.1,171,0
53,0,122,206,96,35.3,1,0,1,1.6,166,1
50,0,110,239,68,28.7,0,0,1,6.5,171,0
34,1,95,206,83,23.6,0,0,0,3.2,186,0
60,0,117,190,140,31.8,0,1,0,0.3,161,0
29,0,130,182,73,30.6,0,0,0,3.0,182,0
61,0,122,211,74,30.8,0,0,0,2.1,167,0
34,0,113,171,97,24.7,0,0,1,5.0,189,0
54,1,120,194,107,28.9,0,0,1,3.7,172,0
51,0,143,250,83,33.9,0,0,1,0.8,185,0
68,0,117,222,92,30.5,0,0,0,7.3,158,1
51,0,129,149,92,20.7,0,0,0,6.3,154,0
44,0,121,262,73,24.2,0,0,0,7.6,185,0
46,0,127,237,114,24.1,1,0,0,4.1,166,0
70,1,139,175,93,24.9,1,0,0,3.4,145,1
60,1,129,212,93,18.2,0,0,1,5.3,171,0
48,0,139,188,102,36.0,1,0,1,2.0,172,0
50,0,128,250,73,23.4,1,0,0,3.8,152,0
33,0,144,197,110,22.9,0,0,1,3.0,188,0
58,1,132,223,112,18.9,1,0,1,0.3,182,1
30,1,95,203,98,30.4,1,0,0,3.8,183,0
63,0,139,167,103,27.6,0,0,0,2.4,158,0
55,0,132,284,91,26.0,0,0,0,2.9,148,0
79,1,136,266,109,27.5,0,0,0,4.4,173,0
39,0,116,185,84,29.6,0,0,0,6.8,171,0
52,1,97,231,96,25.3,1,0,1,1.3,150,0
76,1,105,277,96,19.6,0,0,0,2.6,154,1
68,1,156,234,95,22.4,0,0,0,1.5,169,0
44,1,113,284,112,20.9,0,0,1,1.3,187,0
56,1,145,348,129,29.0,1,0,0,2.0,155,1
53,0,101,218,139,31.8,0,1,0,3.0,166,0
57,0,111,201,148,34.5,0,1,1,5.0,165,1
44,0,132,177,84,19.6,0,0,0,4.3,184,0
52,1,123,130,111,30.4,0,0,1,0.8,175,0
32,1,125,265,88,23.7,0,0,0,6.9,184,0
55,1,126,210,143,41.1,0,0,0,6.0,176,0
59,0,124,264,116,34.2,0,1,1,1.2,149,1
50,1,118,267,128,35.2,1,0,0,6.7,171,1
32,0,99,167,111,30.2,0,0,0,4.4,184,0
66,0,151,192,79,30.0,0,0,0,3.1,159,0
58,0,151,300,131,25.9,0,0,0,4.4,162,1
44,1,110,216,82,24.3,1,0,1,3.4,172,1
49,0,107,194,91,23.7,0,0,0,4.9,164,0
33,1,116,169,77,29.4,1,0,0,4.0,205,0
40,1,125,211,94,34.1,0,0,1,2.6,191,0
46,0,120,283,95,25.6,0,0,0,1.8,184,1
69,0,139,261,153,25.0,0,1,0,4.9,151,1
45,0,121,227,133,20.3,0,0,0,2.5,162,1
61,1,130,295,133,29.1,1,1,1,5.5,157,1
46,0,159,278,100,32.9,0,1,0,4.8,173,1
56,0,118,239,151,33.6,0,1,0,2.6,150,1
51,1,149,339,133,33.8,0,1,0,6.2,174,1
64,0,151,219,123,30.0,0,0,0,4.0,172,0
46,1,130,266,95,27.6,0,0,1,3.9,148,1
33,0,92,196,85,32.4,0,0,1,3.1,171,0
35,0,119,252,81,21.5,0,0,0,7.9,193,0
46,0,115,209,105,25.2,0,0,1,1.6,176,0
37,0,119,234,92,34.6,0,0,0,2.7,168,0
58,1,115,327,118,22.9,1,0,0,0.3,169,1
47,0,134,260,93,27.1,0,0,0,5.4,165,0
79,0,150,258,117,31.8,0,0,0,2.0,148,1
30,1,134,178,75,26.8,0,0,0,2.3,170,1
56,1,121,233,70,33.0,0,0,0,2.2,166,0
38,0,104,173,108,33.8,0,0,0,3.7,189,0
47,0,128,258,89,29.5,0,0,1,0.2,166,1
55,1,152,261,92,34.0,0,0,0,2.3,173,0
29,0,117,203,81,22.1,0,0,0,4.7,183,0
56,0,133,295,80,27.0,0,0,0,2.0,177,1
78,1,131,301,151,39.9,0,1,0,5.7,146,1
47,1,115,227,96,36.2,0,0,0,7.6,189,0
56,0,136,249,80,21.8,0,0,0,3.1,173,0
66,0,128,206,108,28.1,0,0,0,6.9,162,0
51,0,130,211,114,28.1,0,0,0,3.4,172,0
45,1,130,174,94,29.1,0,0,0,7.7,168,0
29,0,125,190,111,32.2,1,0,0,2.3,174,0
61,0,137,224,81,36.4,0,0,1,2.6,165,1
52,0,112,153,105,27.7,0,0,0,3.3,155,0
40,1,106,241,98,32.1,0,0,0,7.9,169,0
55,0,129,268,84,30.6,1,0,0,4.9,153,0
45,1,122,219,127,27.1,0,0,0,2.2,179,1
46,1,115,130,99,19.4,0,0,0,4.4,179,0
61,0,132,217,87,32.6,0,0,0,6.0,176,0
36,0,132,156,96,29.5,0,0,0,3.3,175,0
67,0,152,206,83,30.0,1,0,1,10.3,147,1
35,0,139,275,79,22.1,0,0,0,2.2,163,0
44,1,102,130,89,36.1,0,0,0,6.1,176,0
78,1,117,203,135,29.5,0,1,0,5.5,167,1
68,1,126,267,84,23.0,0,0,1,1.7,157,0
54,1,131,195,115,21.6,1,0,1,2.4,164,0
41,0,121,184,85,30.1,1,0,0,6.1,172,0
46,0,118,305,82,30.5,1,0,0,3.9,172,0
54,0,121,240,78,25.5,0,0,1,4.4,178,0
53,1,132,263,77,29.7,0,0,0,0.8,189,0
52,1,105,244,111,30.6,0,0,0,5.2,174,0
53,1,160,230,100,28.2,0,0,0,4.2,174,1
50,0,128,275,106,24.2,1,0,1,3.3,164,1
34,1,134,293,111,31.0,0,0,0,4.4,179,0
46,0,114,149,91,31.1,0,0,1,2.4,171,0
65,0,138,229,163,30.8,0,1,0,2.0,156,1
35,0,124,212,87,22.8,1,0,0,2.9,178,0
51,1,137,205,80,21.3,0,0,0,2.3,176,0
42,1,122,259,102,27.4,1,0,0,9.2,172,0
54,0,149,235,98,31.9,0,0,1,5.9,164,0
48,0,105,302,98,32.1,1,0,0,1.0,169,0
72,1,147,280,111,31.2,0,0,0,8.8,145,1
60,0,130,285,98,25.8,0,0,1,2.4,172,1
36,1,103,164,101,23.0,0,0,0,3.6,174,0
62,1,162,195,116,27.9,1,0,0,5.8,146,1
43,1,153,188,100,27.0,1,0,0,1.6,176,0
45,1,92,275,103,32.2,0,0,1,2.9,178,0
57,1,129,185,120,25.5,0,1,0,2.0,155,1
47,1,133,181,152,25.4,0,0,0,4.0,178,0
65,0,136,183,72,37.6,0,0,0,4.5,167,0
43,1,144,334,88,34.2,0,0,0,3.3,196,0
45,0,142,213,87,23.1,0,0,0,3.2,170,0
44,0,130,241,128,33.9,1,0,0,6.3,170,1
46,1,157,172,87,22.0,0,0,0,4.3,165,0
67,1,145,272,103,26.3,0,0,0,3.6,164,1
61,0,123,154,88,26.5,0,0,0,3.9,162,0
75,0,125,195,125,28.3,0,1,1,8.3,164,0
79,0,154,207,150,31.7,0,1,0,3.9,146,1
40,1,108,226,85,27.4,0,0,0,2.2,181,0
54,1,119,191,144,30.4,0,1,0,1.5,164,0
38,1,116,279,105,25.0,0,0,0,0.2,157,1
43,0,127,239,125,28.8,0,0,0,2.3,181,0
45,0,119,190,77,27.5,0,0,0,3.2,154,0
39,1,100,258,94,20.5,0,0,1,2.1,175,0
39,0,137,199,94,29.1,0,0,0,4.4,175,0
51,1,118,198,96,27.9,0,0,1,2.0,169,0
37,0,149,252,135,23.5,0,0,1,1.1,178,0
64,1,134,130,93,26.1,0,0,1,5.1,161,0
41,0,140,248,68,25.1,0,0,0,7.1,179,0
79,0,148,208,93,27.7,1,0,0,0.6,146,1
47,0,143,190,94,35.3,0,0,1,4.1,200,0
54,1,134,306,92,37.2,0,0,0,1.5,163,1
36,0,122,192,85,16.5,0,0,1,0.3,165,0
75,0,154,276,76,30.9,1,0,0,2.0,135,1
68,1,168,244,128,32.7,0,0,1,6.5,165,0
57,1,127,242,101,26.8,1,0,0,1.5,144,1
35,0,130,203,93,30.9,0,0,1,1.4,166,0
56,1,130,213,128,35.3,1,0,0,3.6,148,1
38,1,127,280,83,20.5,0,0,0,3.6,182,0
72,1,133,273,105,29.1,0,0,0,1.5,170,0
64,1,97,209,77,37.1,0,0,0,8.7,150,0
54,1,123,180,107,21.9,0,0,1,2.8,172,0
29,0,135,186,79,25.8,1,0,0,3.8,151,0
40,1,113,258,103,24.8,1,0,0,2.5,165,0
62,0,142,278,125,32.8,0,0,0,4.6,168,1
69,1,134,256,142,33.8,0,1,1,6.7,154,1
67,1,128,163,108,29.0,0,1,0,7.8,169,0
32,1,131,244,97,26.6,0,0,1,1.5,157,1
57,0,137,281,103,19.8,0,0,0,6.4,157,1
66,0,136,238,110,34.7,0,0,1,4.9,164,1
31,1,132,295,118,24.8,0,0,1,6.0,187,0
53,1,132,168,119,26.9,1,0,0,3.3,170,1
57,1,106,255,94,32.2,1,0,0,3.0,164,0
49,1,122,179,86,28.3,1,0,0,5.9,155,0
29,0,92,255,79,31.0,0,0,0,6.0,175,0
49,1,137,247,88,30.1,1,0,0,7.6,193,1
49,0,137,297,103,28.3,0,0,1,4.0,156,1
51,0,139,244,76,28.9,0,0,0,3.2,153,1
46,1,130,203,82,22.0,0,0,0,2.9,180,0
47,0,141,200,104,26.6,1,0,0,0.7,157,0
52,1,101,213,131,32.5,0,1,0,2.5,188,0
59,0,130,205,147,23.7,1,1,0,0.6,191,0
49,1,102,278,84,24.1,0,0,0,5.6,167,0
48,0,122,274,100,23.3,1,0,1,0.1,171,0
54,0,150,161,84,28.3,0,0,1,2.2,147,1
29,1,136,212,68,32.8,1,0,0,2.3,191,0
59,0,137,230,110,30.4,0,0,1,6.6,139,1
53,1,122,191,86,17.5,0,0,0,1.9,153,0
54,1,115,243,137,30.6,1,1,0,4.7,165,1
65,0,133,292,86,26.1,0,0,0,4.0,166,0
29,1,133,248,104,28.7,0,0,0,5.8,167,1
29,0,122,267,101,25.7,0,0,1,5.7,177,0
57,0,103,196,104,23.8,0,0,1,3.4,147,0
53,0,131,225,88,27.2,1,0,0,0.9,161,1
55,1,97,193,95,25.6,0,0,0,2.9,157,0
47,1,139,230,102,28.7,1,0,0,3.4,161,1
62,0,118,242,119,23.9,0,0,0,4.2,169,0
65,1,111,271,101,23.0,0,0,0,1.6,163,1
59,0,144,282,81,31.2,1,0,0,6.5,167,1
50,1,132,251,145,32.5,0,1,0,3.5,168,1
29,1,120,174,94,29.0,0,0,0,1.1,191,0
63,0,162,172,68,25.1,0,0,0,2.3,161,0
69,0,141,254,68,24.9,0,0,0,8.5,152,1
61,0,119,291,95,24.8,0,0,0,5.2,169,0
42,0,129,217,96,31.1,0,0,1,6.2,170,0
62,1,128,164,92,24.2,1,0,0,0.8,155,0
64,1,148,317,154,32.2,0,1,1,1.7,172,0
73,1,137,255,82,31.5,0,0,0,1.7,165,1
42,0,127,225,75,32.7,0,0,1,4.0,171,0
50,1,102,173,84,32.3,0,0,0,3.0,179,0
63,0,130,230,87,30.5,0,0,1,2.2,147,1
54,1,129,253,95,20.8,1,0,0,2.6,161,1
38,0,104,237,84,29.6,0,0,0,1.4,169,0
58,0,124,198,68,28.3,0,0,0,3.0,164,0
61,0,139,226,68,26.2,1,0,0,6.4,167,1
54,1,125,198,143,33.9,0,1,0,0.4,173,1
56,0,105,295,79,27.0,0,0,1,4.4,170,0
50,1,124,260,68,25.0,1,0,0,7.1,168,0
72,1,125,212,105,33.7,0,0,0,3.0,153,1
41,1,123,168,119,25.1,0,0,0,2.1,189,0
45,1,127,231,95,24.5,1,0,1,5.9,153,1
53,0,119,203,100,22.4,0,0,1,0.9,160,0
64,1,123,212,100,24.3,0,0,0,3.4,165,0
34,1,119,166,68,23.2,0,0,0,0.8,197,0
36,0,137,172,109,29.6,1,0,1,1.4,172,0
29,0,120,217,115,21.7,0,0,1,3.1,180,0
53,0,150,212,124,19.0,1,0,1,0.2,150,1
38,0,136,320,89,28.2,0,0,0,3.5,171,1
48,1,150,246,79,24.4,1,0,0,6.4,176,0
62,0,149,180,116,27.9,0,0,1,8.3,179,0
45,1,146,155,103,33.0,0,0,0,3.7,170,0
56,1,109,242,109,28.0,0,0,0,6.1,157,0
49,1,137,205,86,34.3,1,0,0,4.5,168,0
62,0,147,285,100,27.7,0,0,0,2.5,144,0
59,1,148,239,80,32.5,0,0,1,1.5,177,1
44,0,110,135,96,24.6,0,0,0,7.7,160,0
51,1,134,180,91,27.9,0,0,0,0.8,172,0
67,1,136,203,131,24.0,1,0,0,7.1,159,0
58,1,159,245,149,24.1,1,1,1,4.9,168,1
35,1,97,170,68,25.6,0,0,1,1.0,182,0
62,1,121,235,96,21.9,1,0,0,4.3,159,0
39,0,93,160,102,27.6,0,0,0,9.0,181,0
71,0,134,234,89,27.1,0,0,0,7.5,165,0
66,1,164,246,79,29.3,0,0,1,2.2,179,1
57,0,126,287,106,21.7,0,0,0,1.6,153,0
55,1,127,235,82,30.9,0,0,0,3.8,146,1
50,1,132,188,105,35.2,0,0,0,3.1,152,1
62,1,127,291,80,34.8,0,0,1,6.6,142,1
48,1,129,213,88,36.1,0,0,1,5.4,158,1
56,1,136,258,110,27.9,1,0,0,0.9,148,1
64,0,117,204,148,26.5,0,1,0,4.7,156,1
46,1,121,224,96,29.4,0,0,0,3.0,182,0
45,0,133,186,96,26.1,0,0,1,3.6,180,0
37,1,133,228,97,18.7,0,0,0,4.1,171,0
39,0,139,250,84,30.6,0,0,1,6.6,171,1
29,0,121,190,73,25.3,0,0,0,6.0,205,0
62,1,138,205,105,21.3,1,0,0,1.6,165,0
77,1,146,252,119,26.4,0,0,0,3.3,154,0
72,0,127,199,105,27.5,1,0,0,2.3,154,0
32,0,108,148,100,26.6,0,0,0,0.9,178,0
62,0,127,243,78,28.1,0,0,0,3.2,184,0
71,1,113,229,109,34.7,0,0,0,8.3,154,1
47,0,129,215,103,21.3,0,0,1,1.0,173,0
54,1,145,246,107,26.9,1,0,0,3.4,146,1
29,1,105,238,112,22.3,0,0,0,3.4,176,0
56,0,133,219,165,33.5,0,1,0,4.2,160,1
39,1,110,169,79,24.3,0,0,0,1.0,182,0
56,0,111,198,77,26.1,0,0,0,0.2,157,0
33,0,152,237,98,31.4,1,0,0,0.1,178,1
60,1,113,233,82,34.0,0,0,0,7.0,156,1
66,0,111,208,80,35.0,0,0,1,0.9,147,0
43,1,129,185,114,19.5,1,0,0,2.2,158,1
38,1,127,241,81,29.0,1,0,0,9.0,172,0
29,1,130,201,96,27.6,1,0,0,1.6,181,0
50,0,154,254,72,27.2,0,0,0,4.4,167,0
45,1,110,256,97,27.5,0,0,0,6.3,164,0
33,1,109,200,114,32.5,0,0,1,6.1,179,0
59,0,152,267,114,32.6,0,0,1,0.0,160,1
47,0,137,226,112,31.4,0,0,0,1.6,160,1
39,0,132,227,140,27.8,0,1,0,4.3,178,1
46,0,114,130,158,37.6,0,1,1,8.5,192,0
67,1,147,191,102,26.4,0,0,1,1.5,157,1
61,0,140,190,89,20.5,0,0,0,2.2,146,0
51,0,127,209,102,26.2,0,0,0,4.6,185,0
61,0,119,233,154,28.2,0,1,0,5.1,176,0
38,0,121,222,76,32.8,0,0,1,5.3,193,0
53,1,154,236,80,25.2,1,0,0,1.3,164,1
55,1,113,196,94,29.9,1,0,0,2.1,155,1
47,0,111,249,78,20.5,0,0,0,4.1,162,0
59,1,118,303,77,32.8,0,0,0,6.8,176,0
43,1,115,203,90,27.4,0,0,0,2.9,192,0
60,1,128,200,156,26.6,0,1,0,3.4,153,1
60,0,142,199,111,37.7,0,0,0,0.8,135,1
29,0,127,214,101,31.3,1,0,0,8.3,180,0
68,0,132,210,99,23.5,0,0,1,3.9,148,1
29,0,120,138,127,25.8,0,0,1,6.3,175,0
45,0,131,158,88,39.7,0,0,0,3.6,170,0
66,0,105,274,100,37.3,0,0,0,3.7,164,0
49,1,140,275,87,31.6,0,0,1,0.4,162,1
34,0,106,280,77,18.1,0,0,1,2.1,181,0
39,1,117,225,114,33.0,1,0,1,6.8,172,0
66,1,135,189,91,25.3,0,0,0,3.7,134,1
29,1,115,192,106,32.4,0,0,0,4.0,189,0
68,0,142,169,92,25.0,1,0,1,0.3,150,1
52,0,127,159,115,29.7,0,0,0,1.2,154,0
37,0,115,226,81,23.8,0,0,0,6.3,170,1
45,0,145,242,113,25.5,0,0,1,8.0,175,0
40,0,131,299,109,29.8,0,0,0,1.9,177,1
64,1,134,226,69,22.0,0,0,0,5.2,167,0
63,0,143,172,88,39.0,1,0,1,4.0,163,1
31,0,106,206,111,21.7,0,0,0,3.2,169,0
48,0,156,209,121,22.3,0,0,0,8.3,138,1
42,1,109,197,107,29.9,1,0,0,2.3,173,0
70,1,133,247,90,34.3,0,0,0,6.7,163,0
35,0,118,163,81,25.2,1,0,0,4.5,174,0
74,1,128,241,104,23.7,0,0,0,3.5,161,0
53,1,118,251,90,23.3,0,0,0,7.1,157,0
38,1,112,275,90,22.1,1,0,0,4.3,170,0
44,1,144,232,93,28.5,1,0,0,3.2,160,1
43,1,103,262,109,26.7,0,0,1,7.1,182,0
36,0,137,196,123,28.7,1,0,0,6.7,166,0
54,0,139,211,156,29.3,1,1,1,6.6,187,0
37,0,117,271,96,30.5,1,0,0,6.6,169,0
29,1,124,153,83,24.5,0,0,0,4.6,192,0
48,1,121,204,106,23.9,0,0,0,4.1,165,0
30,1,100,258,121,27.1,0,0,1,3.4,197,0
43,1,105,209,111,26.8,0,0,0,5.1,188,0
41,1,130,205,99,28.1,0,0,0,4.2,172,0
42,0,130,206,89,23.7,0,0,0,5.3,178,0
79,0,139,243,146,31.8,0,1,0,2.8,165,1
54,0,120,270,113,22.2,0,0,0,7.4,170,0
56,1,123,264,99,25.7,0,0,0,5.5,155,1
30,1,112,211,94,31.6,0,0,0,4.9,183,0
44,1,96,265,86,21.9,0,0,1,4.8,165,1
56,1,131,240,135,32.5,1,0,1,6.5,164,1
40,1,132,253,83,20.4,1,0,1,6.2,164,1
65,1,131,187,81,20.9,0,0,0,3.2,164,0
37,0,146,288,98,19.9,0,0,0,6.1,158,0
49,0,109,231,93,27.9,0,0,0,4.0,158,1
45,1,112,130,111,30.5,0,0,1,8.5,164,0
55,1,132,294,112,33.6,1,0,1,6.4,161,1
45,1,126,219,78,32.7,0,0,0,1.9,156,1
49,1,95,205,85,31.3,0,0,0,9.6,160,0
50,0,133,197,83,23.6,0,0,0,2.0,178,0
43,0,125,237,108,23.2,0,0,0,5.2,184,0
59,0,100,190,102,31.5,1,0,0,1.7,133,1
56,0,129,201,90,34.2,1,0,0,8.4,156,1
52,1,113,200,99,22.8,0,0,0,4.2,182,0
47,1,120,208,79,33.2,1,0,0,1.4,173,0
63,1,109,208,85,19.2,0,0,0,2.8,166,0
50,1,130,258,76,29.2,0,0,1,1.6,176,0
49,0,154,233,98,26.9,1,0,1,2.7,157,1
54,1,129,241,98,26.7,0,0,1,2.6,169,0
75,1,105,261,81,28.8,1,0,1,1.5,155,1
36,1,123,210,102,22.8,0,0,0,4.2,180,0
63,1,126,186,112,30.1,0,0,0,4.5,157,1
29,0,100,286,81,26.6,0,0,0,0.9,183,0
56,1,136,264,91,32.0,1,0,0,0.8,150,1
73,1,146,302,149,35.9,0,1,1,4.3,161,1
59,1,121,270,96,28.4,1,0,0,4.9,145,1
55,0,101,205,75,23.9,0,0,1,5.4,157,0
46,0,92,130,89,22.0,0,0,0,4.9,180,0
53,0,115,172,89,35.4,0,0,0,7.6,171,0
50,1,122,249,93,34.6,0,0,1,6.1,164,0
43,1,118,214,94,31.1,1,0,1,10.5,152,1
49,0,113,204,119,27.6,0,0,0,11.6,170,0
56,1,135,130,93,31.4,0,0,0,1.1,159,1
43,1,128,218,70,33.1,0,0,0,2.2,179,0
43,0,124,173,97,24.2,0,0,0,3.5,168,0
35,1,135,183,122,26.8,1,0,1,4.8,157,0
58,1,117,262,93,22.7,0,0,0,3.3,149,0
60,0,115,184,89,27.3,1,0,1,5.3,155,1
56,1,122,186,91,34.8,1,0,0,2.8,164,1
66,1,125,239,105,33.2,1,0,1,1.7,143,1
54,1,95,261,91,28.2,0,0,0,2.1,159,0
58,0,119,209,73,16.5,0,0,1,3.0,173,0
57,1,143,287,86,24.7,0,0,0,5.7,177,0
52,1,137,169,95,28.0,0,0,1,2.2,171,1
46,0,130,159,104,26.2,0,0,1,2.7,169,0
79,0,137,173,87,29.0,0,0,0,5.0,144,0
47,0,149,151,137,28.4,1,1,0,3.0,174,1
44,1,106,233,97,24.6,0,0,1,6.4,170,0
59,1,113,186,84,27.8,0,0,1,1.1,174,1
56,0,147,166,140,27.0,1,1,1,0.5,173,1
35,0,119,230,103,23.4,0,0,0,4.3,184,0
68,1,121,267,78,36.8,0,0,0,4.6,152,1
52,0,137,267,101,25.3,1,0,0,1.3,161,1
39,1,117,253,80,16.5,1,0,1,7.0,156,0
68,0,122,193,125,36.5,1,1,0,8.5,154,0
61,0,119,240,131,24.1,1,1,0,1.9,158,1
37,1,124,236,116,30.9,0,0,1,7.4,163,1
76,0,137,216,115,25.6,0,1,0,2.7,179,0
62,0,151,236,89,30.6,0,0,0,6.3,168,0
53,1,125,171,96,27.3,1,0,1,1.3,155,0
74,1,133,209,114,33.2,1,0,0,6.0,173,0
55,0,147,240,125,26.7,0,0,0,1.0,161,1
53,1,140,287,90,24.5,0,0,1,3.3,177,1
44,1,124,267,104,28.3,0,0,1,1.4,174,0
61,1,105,256,140,26.2,0,1,0,2.9,157,1
59,0,119,230,94,19.0,1,0,0,8.3,157,1
53,1,109,220,100,24.8,0,0,0,3.2,183,0
43,0,122,157,72,40.2,0,0,0,9.0,184,0
55,1,122,190,95,19.3,1,0,0,2.5,162,1
52,1,149,189,103,28.6,0,0,0,7.4,146,1
36,0,95,238,83,25.6,0,0,0,0.7,182,0
34,1,100,253,103,35.0,0,0,0,2.8,166,1
60,1,131,258,70,22.8,0,0,1,2.1,169,0
29,1,124,260,97,26.8,0,0,0,7.5,175,0
56,0,92,228,116,30.9,0,0,0,4.0,159,0
47,1,97,179,93,26.4,0,0,1,1.9,164,0
70,1,128,231,81,24.9,0,0,0,0.1,168,0
47,1,143,190,75,27.1,0,0,1,0.9,152,1
62,1,157,256,102,26.6,0,0,1,5.9,170,0
48,1,121,206,110,25.9,1,0,1,5.6,172,0
54,0,123,220,95,31.9,0,0,1,2.7,166,1
63,1,116,258,134,29.9,0,1,1,2.1,156,1
47,1,136,189,68,29.8,1,0,0,5.4,174,0
66,0,153,271,98,29.7,0,0,0,0.6,154,1
40,0,139,160,86,31.3,0,0,0,4.7,171,0
57,1,130,239,87,33.7,1,0,1,4.5,163,1
65,1,117,226,120,26.8,0,0,0,2.8,179,0
62,1,129,263,69,31.8,0,0,0,4.5,145,0
78,0,155,180,71,22.8,0,0,0,3.8,157,0
43,1,119,154,99,16.7,1,0,0,4.8,169,0
35,1,92,245,90,35.1,0,0,0,0.0,177,0
40,1,115,200,88,25.4,0,0,0,5.1,159,0
62,1,124,225,100,29.2,0,0,1,6.2,142,1
59,1,104,199,100,22.2,1,0,0,4.3,164,0
54,1,129,263,81,21.8,0,0,1,5.1,153,1
38,0,127,228,87,23.5,0,0,1,3.2,188,0
63,0,157,239,97,31.0,0,0,0,5.8,150,1
37,0,103,166,99,24.4,1,0,0,3.7,181,0
68,0,142,253,103,26.8,0,0,1,0.5,151,1
79,1,150,196,87,25.4,0,0,1,5.6,144,1
58,0,135,199,101,33.2,0,0,0,0.7,154,1
61,0,113,171,110,31.9,0,0,0,4.2,167,0
47,0,107,214,97,25.0,0,0,0,2.5,179,0
29,0,121,255,139,29.5,1,1,0,2.3,177,1
45,1,123,229,92,26.0,0,0,0,3.9,179,0
39,1,111,197,87,25.3,0,0,0,1.7,177,0
34,1,137,218,82,26.4,0,0,0,4.8,165,0
75,1,127,240,137,31.6,0,1,0,3.6,157,1
57,1,98,229,103,23.6,0,0,0,1.9,162,1
58,1,128,234,83,30.1,1,0,1,7.0,133,1
49,1,131,178,95,38.8,0,0,1,4.0,166,0
51,0,130,227,93,28.3,0,0,0,5.1,150,0
66,0,135,157,123,28.4,0,0,1,7.2,146,1
53,0,148,248,107,27.2,0,0,1,7.1,165,0
60,1,111,181,107,30.1,0,0,0,5.0,162,0
50,0,118,271,110,20.0,0,0,0,2.7,160,1
49,0,147,130,88,35.2,0,0,0,0.2,176,0
35,0,93,284,117,31.2,1,0,1,4.0,175,0
29,0,119,142,98,23.4,1,0,1,6.3,175,0
50,1,146,172,95,27.5,1,0,0,4.4,167,0
54,1,148,237,78,25.0,1,0,0,5.5,177,0
36,0,129,240,90,28.1,0,0,1,5.8,155,0
53,0,135,212,70,27.8,0,0,1,5.9,182,0
54,1,110,262,92,28.7,0,0,0,2.7,160,0
29,1,141,177,87,21.6,1,0,0,6.1,172,0
41,1,103,200,90,24.7,0,0,1,5.1,171,0
58,1,110,214,75,33.1,0,0,0,1.7,155,1
58,0,133,204,107,25.3,0,0,1,6.8,153,1
38,0,112,134,105,16.5,0,0,1,0.2,187,0
55,1,133,224,121,27.0,1,0,0,3.4,165,1
66,1,137,226,121,39.3,0,0,0,3.1,138,1
63,1,156,274,98,32.0,0,0,1,1.4,168,1
52,1,135,169,111,24.8,1,0,0,4.3,171,0
47,0,114,193,145,27.0,0,1,0,6.9,155,0
45,0,132,270,90,30.3,0,0,0,6.7,175,0
59,0,115,239,92,19.8,0,0,0,5.4,170,0
56,1,140,248,106,23.8,0,0,0,0.9,148,1
61,0,129,247,202,29.8,0,1,1,0.0,165,1
55,0,132,244,159,35.0,0,1,0,3.9,159,1
64,1,103,306,100,26.1,0,0,0,3.4,166,0
54,0,92,228,148,34.8,0,1,0,2.2,157,1
63,0,106,187,148,24.6,0,1,0,8.5,173,0
64,0,160,257,95,16.5,1,0,1,3.8,155,1
43,1,104,194,107,30.5,0,0,0,4.9,167,0
29,1,127,206,94,28.8,0,0,1,6.1,175,0
73,1,123,250,81,31.9,0,0,0,3.6,164,1
56,1,123,191,103,30.9,0,0,0,10.2,158,0
31,1,120,190,105,27.3,1,0,0,1.1,191,0
44,0,146,239,94,25.9,0,0,1,1.9,176,1
63,1,142,206,146,27.0,1,1,0,1.0,143,1
49,1,129,262,110,25.2,0,0,1,7.6,170,0
46,0,146,178,95,25.4,1,0,0,5.6,170,0
71,1,122,192,89,20.1,0,0,1,2.1,140,1
39,1,140,296,85,21.3,1,0,1,1.3,174,1
43,0,135,154,92,26.3,0,0,1,7.1,180,0
56,1,140,224,119,17.4,0,0,0,4.4,178,0
58,1,129,304,93,18.6,1,0,0,7.2,173,1
59,0,121,226,101,26.3,0,0,0,3.3,190,0
65,1,117,287,91,27.6,0,0,0,4.8,160,1
56,1,114,253,90,26.3,0,0,1,4.3,172,0
59,1,114,227,83,16.9,0,0,0,1.9,157,0
50,0,130,217,98,34.5,0,0,0,3.1,190,0
54,1,122,135,88,21.0,0,0,0,0.4,157,0
54,0,132,211,115,23.8,0,0,0,4.8,187,0
56,1,134,235,94,21.9,0,0,0,5.5,184,0
63,0,113,239,95,34.0,0,0,1,6.1,152,1
60,1,115,331,93,29.8,1,0,0,5.2,171,1
54,1,122,236,102,25.4,0,0,0,3.2,172,0
42,0,109,244,118,24.5,0,0,0,7.5,170,0
54,0,112,273,80,28.4,0,0,0,5.8,165,0
53,1,151,246,100,21.8,0,0,0,7.1,170,0
56,1,107,222,72,29.5,1,0,0,7.3,167,0
79,1,169,235,114,26.3,1,0,0,3.2,164,0
46,1,131,205,94,29.6,1,0,0,4.5,175,0
58,0,142,245,74,30.0,0,0,1,5.5,156,1
67,1,147,224,77,25.5,1,0,1,0.5,164,1
54,1,139,250,108,18.2,1,0,1,0.6,145,1
79,1,164,196,116,27.7,1,1,0,0.1,143,1
48,1,111,227,100,20.6,1,0,0,3.2,165,0
57,1,124,291,90,28.1,0,0,0,2.6,172,0
43,1,109,209,93,25.9,0,0,0,0.2,194,0
48,1,98,298,86,24.6,0,0,1,3.9,173,0
56,0,116,232,82,21.7,0,0,0,3.3,162,0
64,1,161,227,89,33.6,1,0,0,6.6,150,1
57,0,124,231,105,25.7,0,0,1,8.7,174,0
69,1,161,219,137,39.2,0,1,0,4.7,155,1
52,1,160,140,102,27.7,1,0,0,1.7,160,1
49,1,169,258,92,29.0,0,0,1,5.2,181,1
79,1,168,330,105,29.0,1,0,0,3.5,161,1
58,0,162,247,102,29.4,0,0,1,2.9,154,0
44,0,127,241,88,32.1,0,0,0,1.3,157,1
44,0,125,211,82,32.2,0,0,1,2.3,172,0
41,0,125,266,110,18.8,0,0,1,3.0,163,1
65,1,130,229,84,32.1,0,0,0,5.6,146,1
48,1,125,232,149,29.6,0,1,1,4.8,159,1
55,0,137,159,96,27.8,0,0,0,8.2,178,0
52,1,118,201,89,35.4,0,0,1,5.3,175,0
63,1,112,245,102,36.1,1,0,0,4.6,185,0
42,0,126,256,117,31.2,0,0,0,2.7,168,0
39,0,109,255,105,24.3,0,0,0,0.8,191,0
56,0,117,159,98,22.2,0,0,0,2.0,171,0
61,1,130,166,120,31.4,1,0,0,1.7,153,1
57,0,125,250,71,34.0,1,0,0,3.2,160,1
42,1,142,186,79,17.7,1,0,0,0.9,166,0
62,1,130,266,89,33.0,1,0,1,7.7,162,1
43,1,139,150,117,25.9,0,0,1,4.5,185,0
46,0,126,216,110,18.9,0,0,0,2.5,168,0
41,0,119,216,70,29.1,0,0,0,4.5,185,0
70,0,138,253,89,32.6,1,0,0,1.6,167,1
61,1,109,185,121,26.3,0,1,1,4.2,179,0
61,1,133,145,95,23.1,0,0,1,6.8,149,0
69,1,148,240,155,36.2,1,1,1,3.2,154,1
79,0,154,260,156,25.8,1,1,1,1.1,155,1
31,1,100,254,100,31.8,1,0,0,2.4,167,0
43,1,99,203,90,20.1,0,0,0,6.8,160,0
45,0,114,252,95,29.1,0,0,0,4.2,172,1
42,1,142,238,106,28.8,0,0,0,0.2,170,1
39,0,123,271,131,30.9,0,0,0,9.7,175,0
49,1,112,219,78,34.2,0,0,0,0.2,165,0
37,0,97,142,120,23.0,0,0,1,2.9,202,0
57,1,120,223,100,30.1,1,0,0,0.8,157,1
54,1,114,228,108,21.3,0,0,0,0.8,173,0
59,1,145,249,99,21.5,1,0,1,2.3,166,1
60,1,147,163,117,25.2,1,0,0,5.2,141,1
61,0,112,215,101,29.8,0,0,0,6.9,178,0
48,1,135,257,86,35.0,0,0,0,2.5,178,0
79,1,145,234,148,37.4,0,1,0,0.9,152,1
56,0,109,212,113,26.1,0,0,0,4.7,177,0
29,1,119,291,96,27.8,1,0,0,4.8,180,0
40,0,125,172,68,31.2,0,0,0,4.1,186,0
30,0,119,263,94,29.9,0,0,0,4.2,162,1
53,1,103,267,97,26.8,1,0,0,3.2,174,0
51,0,126,213,95,27.8,0,0,1,3.8,171,0
47,1,136,219,89,26.7,1,0,0,3.0,171,0
79,1,159,236,161,27.9,0,1,0,6.3,141,1
60,1,122,235,68,26.3,1,0,0,9.3,158,0
62,0,120,204,97,27.4,0,0,0,4.0,159,0
41,0,117,199,98,25.1,0,0,0,3.5,163,0
40,1,129,202,127,21.7,1,0,0,4.2,177,0
53,0,131,210,96,31.5,1,0,1,1.8,182,0
55,1,135,212,103,30.0,0,0,1,5.5,151,1
29,0,99,130,143,35.0,0,1,1,4.6,189,0
51,0,130,227,97,29.1,0,0,1,2.4,164,1
53,0,114,201,122,25.6,0,0,0,5.8,162,0
50,0,126,144,79,24.5,1,0,0,3.5,167,1
42,0,147,203,86,27.2,0,0,0,1.0,176,0
46,1,102,204,107,29.7,0,0,0,4.4,174,0
51,0,120,276,100,26.3,0,0,0,4.1,156,1
54,0,106,202,92,20.8,0,0,0,6.0,179,0
61,0,130,256,140,24.6,0,1,1,5.7,163,1
67,1,146,289,155,28.3,0,1,0,3.2,165,0
49,0,130,195,103,30.8,1,0,1,2.3,181,0
47,1,121,218,85,20.4,0,0,1,3.5,150,0
59,1,147,300,100,29.1,0,0,0,4.4,171,0
61,0,133,238,95,29.0,0,0,0,4.8,161,1
47,1,135,236,103,25.2,0,0,0,4.3,183,0
63,0,144,212,136,25.4,1,1,0,3.3,149,1
66,1,92,260,78,24.8,0,0,1,6.1,169,0
70,0,130,231,106,29.0,0,0,1,1.7,145,0
76,0,118,159,104,33.9,0,0,0,9.9,157,1
42,1,113,203,117,32.5,1,0,0,5.5,175,1
53,0,147,174,76,22.4,0,0,1,0.6,166,0
53,1,120,228,95,26.7,0,0,0,4.0,156,1
52,0,153,185,93,17.4,0,0,1,5.5,164,0
45,0,101,239,90,27.7,0,0,0,2.6,183,0
34,1,106,215,73,29.3,1,0,0,0.4,193,0
54,0,137,172,125,34.8,0,1,0,0.8,188,0
43,1,120,197,100,18.8,1,0,0,4.9,177,0
54,0,130,250,89,22.6,0,0,0,1.1,170,0
43,0,120,266,84,27.7,0,0,0,0.3,179,0
39,1,122,178,117,19.4,1,0,0,4.9,195,0
56,0,122,179,132,28.5,0,0,1,2.9,171,0
55,1,133,307,140,30.5,1,1,0,1.7,164,1
61,1,138,228,73,22.1,0,0,1,2.2,159,1
79,0,159,242,102,29.5,0,0,0,0.3,149,1
57,1,124,195,68,22.2,0,0,0,4.8,169,0
59,0,122,236,76,34.2,0,0,0,1.4,155,1
39,1,112,288,102,27.8,0,0,1,2.1,170,0
36,0,141,225,75,23.8,0,0,0,4.4,178,0
74,0,143,280,92,22.9,0,0,0,2.8,149,1
41,1,92,218,74,28.7,0,0,1,1.7,182,0
39,1,95,173,97,33.1,1,0,0,1.7,181,0
52,1,112,194,113,24.0,0,0,1,4.5,171,0
52,0,132,176,87,25.5,1,0,1,3.7,171,0
41,1,120,226,96,23.5,0,0,0,2.2,177,0
49,1,131,273,84,34.5,0,0,0,0.8,128,1
69,0,129,239,85,19.6,0,0,1,3.5,148,1
43,1,146,205,129,33.0,1,1,1,4.7,179,0
35,1,130,181,108,24.9,0,0,0,3.8,170,0
65,1,135,245,75,27.8,1,0,1,7.8,166,1
59,1,145,175,91,26.3,0,0,1,5.3,174,1
45,0,97,172,102,28.3,0,0,0,3.2,170,0
32,0,120,250,110,23.1,1,0,1,5.4,172,0
43,0,127,206,103,31.9,1,0,0,3.6,171,0
52,0,134,211,95,32.6,0,0,0,3.6,168,1
68,1,109,225,87,23.8,1,0,1,6.9,162,1
40,1,116,247,110,30.0,0,0,1,1.2,150,1
52,0,135,230,83,25.9,1,0,0,3.6,157,1
62,0,136,197,83,28.2,0,0,0,6.6,151,0
29,0,134,181,116,33.4,0,0,0,4.3,155,0
66,1,142,223,101,25.1,0,0,0,2.5,154,1
38,0,123,228,102,31.1,1,0,0,0.9,158,1
57,0,137,224,105,29.9,0,0,0,2.4,161,1
56,0,123,220,95,26.8,0,0,0,8.9,160,0
67,0,133,233,74,29.9,0,0,0,4.3,163,0
60,1,144,226,100,29.0,1,0,1,2.0,157,1
29,1,115,178,96,21.0,0,0,1,4.4,165,0
43,1,131,265,83,24.3,1,0,0,1.0,175,0
55,1,140,204,80,22.8,0,0,0,2.6,193,0
50,0,135,227,95,26.1,0,0,1,1.1,181,0
59,1,146,140,76,34.0,0,0,0,0.2,171,0
63,1,168,220,94,30.7,1,0,0,2.0,156,1
61,1,143,182,92,21.4,1,0,0,0.7,154,1
50,0,117,181,94,26.1,0,0,1,6.2,163,0
29,0,124,312,102,27.4,0,0,0,0.9,186,0
47,1,130,231,150,30.7,0,1,1,4.9,159,1
58,0,136,278,85,24.8,0,0,1,6.0,167,0
39,1,142,252,109,21.2,0,0,1,3.5,169,1
61,1,107,269,138,27.7,1,1,1,2.7,140,1
65,1,152,222,122,30.8,0,0,1,3.8,152,0
55,0,154,292,87,28.7,0,0,1,2.4,180,1
29,0,129,246,72,22.3,1,0,0,6.6,182,0
36,0,128,216,109,34.8,0,0,1,8.4,140,1
78,1,131,248,102,28.3,0,0,0,7.3,144,0
46,0,123,214,114,28.1,0,0,0,2.1,182,0
29,0,126,213,101,23.3,0,0,0,2.4,180,1
69,1,145,231,131,33.4,1,0,1,3.5,160,1
53,1,140,240,93,30.2,1,0,0,4.7,160,1
67,1,140,304,112,29.7,0,0,0,1.0,160,1
57,0,140,175,88,22.5,0,0,0,1.0,165,1
59,1,139,275,103,32.9,0,0,0,6.9,157,1
58,1,112,211,106,31.3,0,0,0,2.0,171,0
62,0,141,282,108,32.7,0,0,0,0.4,179,0
79,0,163,224,108,29.0,0,0,0,0.6,155,1
66,0,130,248,68,27.9,0,0,1,4.5,160,1
32,0,144,205,95,25.7,1,0,1,1.4,169,0
59,1,118,154,87,38.3,1,0,0,4.1,171,1
68,0,130,305,90,25.8,0,0,0,1.0,152,1
69,1,122,193,92,22.9,0,0,0,1.0,163,0
47,1,144,224,111,25.5,0,0,0,7.2,180,0
68,0,155,188,99,25.8,0,0,1,4.5,169,0
65,1,128,174,88,33.9,0,0,1,2.6,171,0
79,1,157,229,74,22.6,1,0,0,2.1,158,1
43,0,150,193,119,24.5,1,0,1,7.3,157,0
46,1,122,171,86,28.1,0,0,0,5.0,163,0
49,1,126,220,94,33.2,0,0,1,6.5,155,1
47,0,134,158,128,30.5,0,0,0,2.0,156,1
41,0,108,222,87,34.4,0,0,1,3.6,192,0
29,0,118,205,92,27.9,0,0,0,4.5,172,1
47,1,155,130,99,26.3,0,0,0,2.1,159,1
58,0,124,204,72,31.7,1,0,0,3.3,161,0
47,0,140,240,70,21.0,1,0,1,2.0,160,1
78,1,146,193,89,20.9,1,0,1,4.5,173,1
53,1,123,245,89,32.0,0,0,1,0.1,165,1
70,1,135,251,98,29.4,0,0,0,5.0,161,1
56,0,153,183,81,32.1,0,0,0,4.3,157,0
64,1,138,229,103,24.2,0,0,1,3.0,142,1
57,0,137,260,109,33.7,0,1,0,4.7,157,1
71,0,160,197,140,31.5,1,1,0,2.6,145,1
54,1,121,216,101,27.5,0,0,0,1.8,159,0
59,0,112,275,101,28.8,0,0,1,4.9,146,1
58,1,154,190,94,29.4,0,0,0,5.0,166,1
49,1,126,241,86,23.4,0,0,0,2.2,166,1
58,0,140,181,93,26.0,0,0,0,2.0,147,0
79,1,124,231,115,30.4,0,0,0,3.0,152,1
49,0,129,240,87,25.4,0,0,0,2.1,179,0
58,0,111,130,111,21.0,0,0,1,7.5,177,0
69,1,136,210,113,29.7,1,0,1,4.3,128,1
68,1,121,250,70,32.1,0,0,1,3.5,150,0
53,1,112,233,139,32.5,0,1,0,1.1,152,1
29,0,111,189,81,28.8,0,0,0,5.4,176,0
60,0,93,181,73,31.7,0,0,0,1.9,178,0
29,1,99,237,108,30.9,0,0,1,1.8,175,1
72,0,144,221,103,28.9,0,0,0,5.5,150,1
55,0,131,248,100,17.9,0,0,0,4.5,157,0
66,0,114,247,80,33.5,0,0,0,3.0,177,0
41,1,129,198,99,22.8,0,0,0,3.1,150,0
33,1,104,258,76,21.3,0,0,1,3.8,174,0
56,1,137,200,97,22.6,0,0,0,2.6,156,1
53,1,127,274,86,39.0,1,0,0,3.9,146,1
47,1,118,276,112,29.3,0,0,0,1.2,184,0
54,1,124,268,91,22.8,0,0,0,3.9,147,1
79,1,173,230,99,25.7,0,0,1,1.0,146,1
64,1,118,337,100,28.1,0,0,1,4.2,160,1
67,1,134,238,95,30.7,0,0,1,4.9,150,1
64,0,141,240,98,29.4,0,0,0,1.3,141,1
72,0,118,233,101,24.2,0,0,1,1.5,153,1
51,1,104,175,83,28.9,1,0,0,2.9,157,1
29,1,107,265,102,23.5,0,0,0,8.6,192,0
51,1,140,199,109,32.3,1,0,0,2.9,172,1
64,0,128,268,102,28.4,1,0,0,3.2,179,1
40,0,117,265,91,23.4,0,0,0,5.7,177,0
51,1,138,248,99,30.6,0,0,1,3.6,175,0
44,0,110,190,91,28.9,0,0,1,2.9,169,0
73,0,135,220,94,26.4,1,0,0,5.9,170,1
63,0,106,130,123,31.4,0,1,0,4.7,161,0
61,1,133,223,117,30.8,0,0,1,4.3,161,1
61,1,132,262,170,33.5,0,1,0,3.1,168,1
53,0,141,214,130,30.8,1,1,1,2.6,157,1
56,1,109,201,108,26.7,0,0,0,5.9,160,0
38,0,117,203,118,19.0,0,0,1,2.6,183,0
29,0,97,261,82,27.2,0,0,0,6.7,191,0
55,1,122,222,68,29.2,0,0,0,0.8,173,0
57,1,153,304,119,28.0,1,0,0,7.2,161,1
69,1,130,208,96,16.5,1,0,0,4.7,157,0
73,1,112,244,88,31.7,0,0,0,1.0,165,0
73,0,123,216,142,24.4,0,1,0,4.8,143,1
40,0,100,304,135,30.1,1,1,0,1.8,173,0
48,1,104,228,140,35.1,0,0,1,3.6,139,1
59,0,137,316,88,26.7,0,0,0,2.2,172,1
79,1,113,220,146,30.9,0,1,0,3.2,142,1
72,0,137,298,115,28.7,0,0,0,5.9,147,1
68,1,135,237,115,30.7,1,0,1,4.8,153,1
48,0,115,256,112,27.8,0,0,0,0.6,178,1
42,0,124,166,90,24.6,0,0,1,0.7,201,0
63,1,119,244,94,23.9,1,0,1,4.2,141,1
39,0,132,171,68,34.2,0,0,0,4.4,167,0
50,0,118,233,95,29.4,1,0,0,1.7,169,1
52,1,119,159,141,31.3,0,1,0,7.6,160,0
74,0,126,231,107,30.4,0,0,1,5.6,163,1
48,0,134,267,123,31.8,0,0,0,1.9,169,0
29,0,124,233,107,22.2,0,0,0,1.6,193,0
60,1,92,176,112,28.3,0,0,1,2.9,160,1
44,0,126,139,96,29.4,0,0,1,2.6,179,1
54,0,103,245,160,33.5,1,1,0,6.8,153,1
52,0,124,290,141,39.8,1,1,0,6.1,187,1
49,1,122,181,113,29.2,0,0,0,3.6,151,0
63,1,124,317,108,25.0,0,0,1,5.3,153,1
33,0,125,212,102,21.1,0,0,0,5.6,165,0
46,1,133,138,73,23.0,0,0,0,3.7,181,0
62,1,117,163,157,24.4,0,1,1,4.5,168,0
45,1,114,252,147,16.5,1,1,1,5.0,156,1
32,0,121,218,107,23.4,1,0,0,4.8,189,0
62,1,105,291,101,31.3,0,0,1,1.5,154,1
68,0,128,182,103,28.6,1,0,0,1.7,159,0
52,0,145,228,116,26.3,0,0,1,2.7,175,0
29,0,93,211,89,18.9,0,0,0,1.7,180,0
62,0,123,223,148,32.8,0,1,0,0.3,172,1
31,1,108,195,84,28.8,0,0,0,5.3,180,0
57,0,157,211,150,27.7,0,1,0,4.4,169,1
41,1,117,224,100,16.8,1,0,0,0.0,169,0
38,0,112,228,87,24.5,0,0,0,2.9,157,0
47,1,107,231,97,29.2,0,0,0,3.0,170,0
51,0,125,273,87,27.3,0,0,0,4.0,159,0
45,0,130,169,90,28.0,1,0,0,0.7,185,0
61,1,115,152,101,31.1,0,0,1,0.0,147,0
47,0,142,263,100,28.0,1,0,0,4.9,182,0
66,1,138,191,68,31.2,1,0,0,0.5,154,1
57,1,139,210,102,23.9,0,0,0,2.9,169,0
44,1,121,193,91,21.5,1,0,0,2.7,155,0
42,1,125,191,90,29.2,0,0,1,3.2,171,1
32,0,118,151,79,29.6,1,0,1,4.2,171,0
57,0,149,202,95,30.1,0,0,0,7.7,188,0
48,1,125,248,88,27.9,0,0,0,0.7,163,0
29,0,116,210,115,24.9,0,0,0,5.8,196,0
46,0,116,241,70,28.2,0,0,0,3.0,185,0
41,0,117,196,82,28.7,1,0,0,7.1,185,0
73,1,140,273,81,30.6,1,0,0,1.8,145,1
31,0,129,190,100,38.4,0,0,0,9.8,202,0
34,1,108,130,114,22.4,0,0,0,2.5,202,0
67,0,132,245,149,43.1,0,1,1,6.9,162,1
71,0,139,266,80,22.7,1,0,0,6.3,148,1
43,0,127,195,90,28.8,0,0,1,2.4,165,0
45,1,100,270,84,21.7,1,0,0,2.6,175,0
61,1,114,192,104,29.4,0,0,1,1.3,163,0
29,0,96,239,89,30.9,0,0,0,5.5,185,0
29,1,121,284,75,26.5,1,0,0,2.4,165,0
49,1,110,223,105,31.8,0,0,0,1.4,171,0
73,0,125,225,115,26.6,0,0,0,4.9,167,0
47,0,105,216,93,17.8,0,0,0,1.2,180,0
54,1,119,293,98,30.5,0,0,0,2.6,162,1
68,1,118,249,73,28.4,1,0,0,3.8,154,1
79,0,150,328,68,26.6,1,0,0,1.8,131,1
46,1,134,232,68,25.3,1,0,1,2.2,162,1
53,1,127,196,95,29.4,0,0,0,7.5,164,1
77,1,130,212,91,25.0,0,0,0,3.0,159,0
33,1,92,215,104,28.3,1,0,0,2.6,170,0
66,0,123,145,93,33.7,0,0,1,3.0,148,1
40,1,113,197,111,36.4,1,0,1,4.7,181,0
54,1,129,205,109,34.1,0,0,0,0.8,162,1
50,1,133,232,91,28.1,0,0,0,4.6,160,0
41,1,125,299,81,28.1,0,0,0,4.2,184,0
40,1,143,219,68,25.1,1,0,0,1.2,178,0
57,0,118,145,118,25.6,0,0,0,8.2,163,0
66,0,121,192,82,32.2,0,0,0,7.3,155,0
51,1,144,234,74,26.0,1,0,0,1.4,170,1
54,1,128,228,98,29.3,0,0,0,0.6,173,0
60,1,124,296,74,23.5,0,0,0,4.1,165,0
40,1,152,257,98,33.2,1,0,0,0.2,174,1
63,0,142,268,91,26.6,1,0,0,7.0,151,1
64,1,126,221,110,33.1,0,0,0,2.3,154,0
79,0,129,284,154,25.6,1,1,1,7.7,146,1
48,0,147,183,113,23.8,1,0,0,1.4,157,0
47,1,126,261,99,33.4,0,0,0,3.2,160,1
63,0,129,217,83,25.2,0,0,0,6.8,160,0
64,1,143,169,80,20.9,1,0,1,2.7,168,0
46,1,136,245,88,22.4,0,0,0,4.2,149,1
48,0,135,280,126,31.2,1,0,0,6.3,163,1
60,1,141,210,137,31.4,0,1,0,2.1,166,0
42,0,128,283,98,23.5,0,0,0,0.2,186,0
48,0,132,151,119,24.4,0,0,1,0.3,191,0
54,1,115,174,100,30.7,0,0,0,5.0,164,0
66,0,161,225,85,34.3,1,0,0,4.5,178,1
45,1,104,204,107,26.8,0,0,0,6.3,178,0
29,0,125,182,90,28.9,1,0,0,2.8,189,0
29,1,96,216,100,30.4,0,0,0,0.2,171,0
37,1,122,193,104,36.7,1,0,0,2.6,180,0
36,1,114,199,89,21.4,1,0,0,11.0,186,0
51,0,126,234,99,24.4,0,0,1,4.9,161,0
38,1,125,187,120,24.5,0,0,1,3.9,149,0
44,0,111,214,87,30.9,1,0,0,4.2,172,0
43,1,125,191,116,25.9,1,0,0,0.2,169,0
47,1,144,170,87,28.7,0,0,1,1.4,186,0
70,1,112,265,123,29.0,0,0,1,8.0,151,0
62,1,120,300,83,28.0,1,0,0,5.2,151,1
53,0,138,268,90,28.0,0,0,0,1.5,155,0
47,1,124,234,119,32.0,0,0,0,0.3,165,0
47,0,125,193,119,22.8,0,0,0,2.2,201,0
57,0,142,214,108,27.1,0,0,0,2.7,147,1
61,1,120,272,80,22.4,1,0,0,8.8,145,1
41,0,113,130,97,28.0,0,0,0,3.0,175,0
53,0,120,208,96,26.7,1,0,1,0.4,186,0
29,0,111,241,83,31.3,0,0,0,3.3,191,0
56,0,146,177,106,27.7,0,0,0,4.2,183,0
63,0,103,247,129,26.0,0,1,1,0.2,157,1
49,0,106,237,77,26.2,0,0,1,4.5,155,0
77,1,118,176,72,36.7,1,0,0,6.6,144,0
42,0,142,221,122,19.8,0,0,0,3.9,173,0
56,1,121,199,133,24.8,1,1,0,1.4,163,1
53,0,120,241,134,27.7,0,1,0,2.1,165,1
52,0,101,251,81,24.6,0,0,0,0.8,175,0
52,0,121,240,117,29.8,0,0,0,3.2,160,0
54,0,143,227,120,27.3,1,1,1,4.3,154,1
64,0,133,242,78,29.3,0,0,0,1.2,147,1
71,0,130,184,91,29.0,0,0,1,8.5,158,1
53,1,102,222,96,27.1,0,0,1,5.6,169,0
64,1,124,196,106,22.2,0,0,0,1.2,172,0
44,1,128,262,86,27.9,1,0,0,1.1,187,0
63,1,114,258,119,19.9,0,0,1,0.9,148,1
43,0,135,247,86,24.0,1,0,1,7.6,171,0
67,0,144,303,81,30.5,0,0,0,5.8,156,1
79,1,127,224,79,34.3,0,0,0,7.7,134,1
51,1,135,199,84,38.3,0,0,0,3.5,163,0
29,0,118,196,78,24.4,1,0,0,3.0,197,0
46,1,140,153,107,23.2,0,0,1,0.3,165,0
69,0,162,168,81,30.8,0,0,0,4.4,148,0
60,0,115,254,94,36.5,1,0,0,3.0,159,1
56,1,138,167,81,34.8,0,0,0,2.9,176,0
66,1,150,186,78,23.4,0,0,0,7.7,156,1
59,1,113,223,113,27.2,0,0,1,3.2,165,0
69,1,123,215,120,32.3,0,0,0,7.0,132,1
65,1,125,267,115,32.4,1,0,0,0.6,163,1
73,1,135,237,74,31.3,1,0,0,10.5,154,1
58,1,126,193,76,25.7,1,0,0,2.5,171,0
65,1,131,271,126,30.8,1,0,0,5.3,136,1
49,1,140,252,92,31.6,1,0,0,5.8,164,0
45,0,94,160,75,22.9,0,0,0,2.2,183,0
75,1,119,246,112,34.8,0,0,0,5.6,147,1
56,0,136,195,142,32.3,0,1,1,5.8,166,0
63,1,141,198,105,24.6,1,0,0,1.6,154,1
55,1,114,303,68,31.9,1,0,1,1.7,159,1
45,1,134,224,91,30.9,1,0,1,3.6,183,0
53,0,145,215,155,31.5,0,1,0,3.2,152,1
72,1,132,238,131,35.7,0,1,1,7.1,155,1
60,1,117,264,115,27.9,1,0,0,5.3,163,1
31,1,130,182,76,28.0,0,0,0,3.3,192,0
50,0,150,200,94,16.5,0,0,1,5.1,168,0
76,1,121,264,121,33.8,0,0,1,1.8,163,1
50,1,125,158,79,32.1,0,0,0,1.9,169,0
30,0,133,253,100,32.6,0,0,0,4.2,184,0
78,1,140,170,105,24.5,1,0,0,6.4,149,1
62,1,106,218,97,32.4,1,0,0,4.0,166,1
52,0,131,156,92,32.2,0,0,1,7.3,174,0
48,1,109,177,83,24.3,0,0,0,5.8,159,0
67,1,115,286,144,33.1,1,1,0,2.2,158,1
46,1,97,264,94,29.3,0,0,1,3.1,178,0
68,1,149,280,74,20.5,0,0,0,4.6,174,1
60,0,115,167,112,30.6,0,0,0,2.3,152,0
56,0,131,181,82,24.2,0,0,0,7.5,172,0
55,0,135,239,75,19.9,0,0,0,0.6,162,1
51,1,131,253,87,29.1,1,0,0,4.3,168,1
67,0,135,198,83,27.9,0,0,0,5.4,147,0
42,0,127,193,92,33.5,0,0,0,2.7,175,0
32,1,119,165,77,27.3,0,0,0,2.1,185,0
61,0,121,298,103,31.5,1,0,1,3.3,149,1
61,0,115,208,117,30.3,0,0,0,5.6,178,0
59,0,126,228,98,32.5,0,0,1,2.2,147,0
58,1,125,230,74,23.7,0,0,1,0.7,170,0
49,1,134,268,82,28.3,1,0,1,6.5,140,1
63,0,149,189,99,27.4,1,0,0,4.5,155,0
52,0,130,272,68,30.5,0,0,0,6.1,173,1
47,1,111,167,78,28.4,0,0,1,5.5,179,0
49,1,95,270,71,24.5,1,0,1,9.2,166,0
79,0,127,166,98,27.3,1,0,0,6.4,145,1
30,1,100,207,128,34.0,1,0,0,1.6,186,1
59,1,120,295,77,20.1,1,0,0,4.7,171,1
31,0,120,241,108,29.7,0,0,0,2.1,197,0
52,1,126,241,88,33.2,0,0,0,2.3,154,0
47,1,151,176,76,29.9,0,0,1,0.2,169,0
29,1,127,180,119,35.4,1,0,0,2.8,156,1
58,0,156,283,128,32.1,0,0,0,4.9,149,1
48,1,134,241,102,29.1,0,0,0,3.3,163,1
29,0,132,248,101,24.2,0,0,1,0.6,193,0
64,0,124,233,97,30.0,0,0,0,0.5,155,1
72,0,120,222,94,31.6,1,0,0,9.0,149,1
72,0,126,266,101,28.5,0,0,1,4.3,159,0
58,0,127,237,106,24.4,0,0,0,1.4,157,1
54,1,116,217,121,22.1,0,0,0,4.7,145,1
70,0,117,174,88,29.3,0,0,0,9.2,148,0
75,0,140,276,98,21.8,0,0,0,5.1,152,1
68,0,116,250,95,26.1,0,0,0,3.7,163,0
41,1,98,192,111,16.5,0,0,0,10.4,173,0
56,1,109,275,177,31.5,0,1,0,1.3,171,1
59,0,124,237,112,33.2,0,0,0,3.0,174,0
29,1,105,222,108,26.7,1,0,0,0.6,192,0
59,0,128,264,110,36.3,1,0,1,1.6,163,1
79,1,144,266,160,35.0,0,1,1,4.2,138,1
61,0,137,240,132,30.2,0,0,0,1.9,149,1
72,0,122,226,116,28.0,0,1,0,3.3,143,1
55,1,106,308,105,26.0,0,0,0,6.5,154,0
52,1,116,192,102,30.1,0,1,0,1.3,169,0
58,0,137,258,110,27.2,0,0,0,0.1,185,0
42,1,134,214,104,29.5,0,0,0,3.1,177,0
40,1,129,236,88,29.8,1,0,1,2.6,172,1
69,1,149,284,68,27.3,0,0,1,2.0,168,1
71,1,162,220,96,33.5,1,0,1,0.4,144,1
40,0,117,242,99,25.8,1,0,0,4.8,184,0
66,1,152,242,95,28.3,0,0,1,5.0,170,0
52,1,121,196,87,23.0,0,0,0,0.7,169,0
57,0,142,279,83,26.5,0,0,0,1.1,188,0
59,1,138,257,95,37.8,0,0,0,3.9,176,1
66,1,100,213,84,24.1,0,0,1,1.0,160,0
54,0,111,271,108,29.6,0,0,0,4.0,165,0
71,0,118,199,95,26.4,1,0,0,7.3,148,0
57,0,104,225,70,17.6,1,0,0,3.3,161,0
61,0,145,210,144,30.5,1,1,0,0.3,158,1
42,1,156,249,102,24.4,1,0,1,4.5,168,1
79,1,131,218,120,30.3,0,0,0,3.0,148,0
59,0,144,259,110,32.4,1,0,1,3.1,148,1
62,0,155,254,83,29.1,1,0,1,4.7,152,1
32,0,120,196,117,28.0,0,0,0,5.3,164,0
42,1,125,294,75,23.0,1,0,1,3.6,176,0
69,1,132,201,141,31.6,1,1,1,3.3,155,1
57,1,135,167,152,26.9,0,1,0,8.9,164,0
29,0,129,246,118,17.2,0,0,0,6.6,193,0
66,0,137,141,124,32.0,0,0,0,5.7,150,0
46,1,133,282,115,32.4,1,0,0,3.8,161,1
71,1,131,238,94,35.3,0,0,1,0.9,140,1
52,1,101,163,105,37.5,0,0,0,6.4,179,0
56,1,140,185,99,31.3,0,0,1,3.9,172,0
68,0,116,163,85,30.7,1,0,0,2.0,169,0
41,0,134,233,94,32.0,1,0,0,2.9,190,0
40,1,136,161,123,22.8,1,0,0,1.0,168,0
50,0,107,243,106,19.7,0,0,1,6.2,162,0
64,0,120,217,172,25.9,0,1,0,5.3,141,1
36,1,151,194,80,32.6,0,0,0,4.0,167,1
31,1,116,233,90,23.4,0,0,0,3.4,178,0
64,1,111,256,102,30.2,0,0,0,1.7,138,1
45,1,138,267,107,29.8,1,0,0,2.0,158,1
48,0,112,194,94,28.4,0,0,1,0.2,170,0
29,0,92,209,108,20.5,0,0,0,1.6,193,0
44,1,130,192,108,28.7,0,0,0,1.2,166,0
53,1,115,230,75,25.6,1,0,1,4.3,166,0
65,0,135,198,107,36.0,0,0,0,5.6,180,0
43,1,109,200,112,32.3,0,0,0,3.2,154,0
75,0,144,218,100,26.9,0,0,0,7.2,165,0
44,0,124,231,68,35.2,0,0,0,1.5,178,0
44,0,92,219,92,28.7,0,0,0,3.1,187,0
73,0,138,256,103,20.9,0,0,1,3.4,165,1
56,0,126,221,83,27.3,1,0,0,6.3,155,0
46,0,144,195,110,34.7,0,0,0,3.8,172,0
51,1,130,231,107,23.7,0,0,1,3.8,153,1
71,1,143,195,98,28.1,0,0,1,0.8,150,1
72,1,122,258,96,22.2,0,0,1,1.2,156,1
42,1,109,206,99,21.5,0,0,0,6.3,178,0
52,1,124,232,96,23.7,0,0,0,1.9,177,1
54,1,124,233,77,22.0,1,0,1,7.0,181,0
40,1,144,284,90,24.1,1,0,1,4.8,168,1
52,1,126,239,97,35.5,1,0,1,1.6,178,1
53,1,107,227,117,27.4,0,0,0,1.3,170,0
68,0,122,203,151,31.9,1,1,1,8.4,140,0
69,0,150,266,118,33.4,1,0,1,7.2,152,1
49,0,121,210,75,22.3,0,0,0,3.2,171,0
50,0,121,158,91,23.6,0,0,0,3.8,160,0
62,0,144,220,127,31.5,0,0,0,1.8,150,1
45,0,112,227,85,24.2,1,0,1,3.9,158,1
61,1,95,194,85,31.2,0,0,0,1.7,156,0
52,0,112,218,92,35.2,0,0,0,3.3,159,1
40,1,124,213,126,20.2,0,0,0,8.2,190,0
41,0,117,215,86,25.3,0,0,1,3.3,148,1
72,0,109,286,104,27.6,0,0,0,0.8,156,1
51,1,140,167,102,25.0,0,0,1,0.1,175,0
74,0,140,321,68,25.8,1,0,0,3.8,140,1
46,1,132,218,96,24.9,1,0,0,1.5,167,0
57,1,133,250,88,27.7,0,0,0,4.1,161,1
79,1,120,243,106,29.6,1,0,0,0.7,147,1
39,1,128,143,122,31.2,1,0,0,5.3,181,0
29,1,130,166,91,26.2,0,0,0,0.7,189,0
70,0,149,211,91,33.5,0,0,1,3.6,150,1
42,0,136,259,134,24.3,1,0,1,2.6,155,1
53,1,133,166,85,22.0,0,0,1,8.0,169,0
45,0,96,183,76,25.7,0,0,1,3.9,166,0
56,1,126,232,117,29.8,0,0,0,8.6,160,1
41,1,106,237,95,30.9,0,0,1,5.0,178,0
51,0,144,241,145,34.2,0,1,0,7.2,164,0
59,0,144,186,129,29.2,0,0,0,3.0,167,0
40,1,106,149,75,30.4,0,0,0,4.4,204,0
44,1,121,241,93,33.4,0,0,0,6.7,181,0
48,0,131,281,77,23.7,1,0,1,5.9,183,0
34,0,131,199,101,25.6,0,0,0,4.9,186,0
48,1,102,173,133,40.0,1,1,0,2.6,169,1
55,1,97,207,78,31.6,1,0,0,3.1,169,1
48,1,124,237,107,29.6,0,0,0,6.5,176,0
49,0,92,212,96,31.5,0,0,1,7.0,180,0
53,0,128,283,77,21.4,0,0,0,2.0,168,0
44,0,135,258,78,24.1,1,0,0,1.6,156,0
62,1,147,236,99,23.3,0,0,1,1.1,146,0
72,0,123,152,71,30.4,0,0,0,5.7,160,0
47,0,125,191,99,25.6,0,0,0,1.1,159,0
59,1,137,204,116,28.3,0,0,1,5.6,171,0
50,0,110,191,106,26.0,1,0,1,4.9,181,0
58,1,145,234,87,20.3,1,0,0,2.1,159,0
73,1,137,244,145,32.6,0,1,0,7.6,168,1
60,0,119,157,77,19.8,0,0,0,0.3,166,0
30,1,119,245,98,23.1,0,0,0,7.8,183,0
59,0,125,228,91,21.8,0,0,0,4.3,164,1
69,1,143,247,80,24.3,0,0,0,1.9,148,1
50,1,119,253,105,28.3,0,0,0,7.6,159,1
66,1,137,199,68,33.9,1,0,1,6.0,138,1
44,0,112,272,78,19.9,0,0,1,2.4,165,0
34,1,108,207,80,24.0,1,0,1,1.0,200,0
55,0,128,288,88,19.6,0,0,0,0.6,150,1
30,1,103,173,115,23.6,0,0,0,9.8,170,0
50,1,136,282,107,27.7,0,0,0,1.1,161,1
70,0,140,195,98,31.9,0,0,0,0.2,148,1
29,1,105,317,97,16.6,0,0,0,4.2,186,0
36,0,126,174,96,29.2,1,0,1,0.8,169,1
40,1,113,261,117,22.4,1,0,0,0.9,171,1
52,1,105,208,69,21.9,1,0,0,6.1,156,0
48,0,114,251,108,27.6,0,0,0,4.7,166,0
71,0,131,232,88,31.3,0,0,0,2.5,155,1
65,0,138,184,104,27.7,0,0,0,3.5,158,0
59,1,134,130,104,22.8,1,0,0,2.3,182,0
55,1,144,330,107,27.2,1,0,0,3.3,163,1
58,0,112,229,120,24.5,0,0,0,1.5,162,1
42,0,119,130,75,29.8,1,0,0,2.0,144,0
64,0,154,242,111,33.0,0,0,1,1.9,163,1
39,0,92,245,140,31.5,0,1,1,1.6,155,1
64,0,123,200,89,28.0,0,0,0,6.2,166,0
68,1,115,202,127,33.5,0,0,0,5.5,159,1
56,0,127,224,107,23.0,1,0,1,1.1,171,0
51,1,122,273,90,35.7,1,0,1,0.4,159,1
58,1,136,231,110,23.1,0,0,1,3.1,165,1
29,0,120,272,95,17.0,0,0,0,9.1,191,0
57,1,107,273,90,34.0,0,0,1,0.8,155,1
52,1,116,213,87,24.2,0,0,1,3.1,175,0
52,0,125,157,101,28.0,0,0,0,3.7,174,0
62,0,140,219,87,23.3,0,0,0,3.2,160,0
52,0,161,245,98,38.4,0,0,1,2.3,186,1
38,0,130,218,109,35.2,0,0,1,6.5,183,0
51,1,109,249,98,34.6,0,0,0,4.7,150,1
54,0,128,260,126,28.0,1,0,0,5.7,175,1
54,1,128,246,96,32.1,0,0,0,5.0,160,1
55,1,118,213,116,27.4,0,0,1,5.8,175,0
67,1,138,253,111,33.4,0,0,0,7.6,162,0
39,1,92,310,119,25.0,1,0,0,7.0,145,1
55,1,134,162,126,34.9,0,0,0,9.5,173,0
70,1,124,253,70,26.3,0,0,0,6.7,154,1
30,0,115,288,100,24.8,0,0,1,1.8,177,0
55,1,152,175,94,25.5,1,0,1,5.7,159,1
45,1,103,261,98,28.0,0,0,0,5.3,181,0
48,0,127,269,90,25.5,0,0,0,8.5,161,0
41,0,136,155,133,29.2,1,1,0,1.0,185,0
51,0,127,252,80,25.2,0,0,0,5.0,152,0
77,1,110,225,97,32.4,0,0,0,1.7,155,1
37,1,139,212,110,33.7,0,0,0,4.8,186,0
38,0,116,202,89,27.2,0,0,0,2.9,186,0
36,0,111,269,91,36.9,0,0,1,4.7,181,0
75,1,133,231,131,33.8,1,1,1,0.2,148,1
47,0,117,201,81,37.1,0,0,0,5.6,165,1
53,0,107,205,92,27.3,0,0,1,4.0,154,0
48,0,126,207,101,19.7,0,0,0,3.9,163,0
41,1,116,172,115,23.7,1,0,0,8.6,162,0
50,0,134,202,78,24.6,0,0,0,2.5,157,0
79,1,143,243,96,24.5,0,0,0,4.4,170,0
71,0,156,251,114,18.3,0,0,0,3.8,137,1
42,1,118,268,78,31.7,0,0,1,4.0,187,0
61,1,116,238,115,19.4,0,0,1,9.3,149,1
42,1,99,198,134,31.3,0,1,0,3.7,163,0
30,0,149,169,107,36.5,0,0,1,2.0,171,1
66,0,140,243,93,24.6,0,0,1,8.4,147,1
68,0,120,227,103,30.1,0,0,1,2.7,168,0
67,0,160,228,120,26.4,1,0,0,0.7,162,1
47,0,143,231,139,31.1,0,1,0,1.6,169,1
51,0,104,244,111,22.0,0,0,1,0.3,199,0
63,1,122,240,100,27.4,1,0,1,1.2,158,1
58,0,125,219,84,33.0,0,0,0,2.6,165,1
48,1,111,187,94,27.1,1,0,1,3.3,160,0
32,1,120,186,93,19.0,1,0,0,6.6,169,0
54,1,136,260,75,33.3,0,0,0,5.1,161,1
67,1,114,214,103,22.3,1,0,1,5.0,165,1
37,0,123,158,106,27.1,0,0,1,1.2,184,0
61,0,146,277,108,30.6,0,0,0,5.8,177,1
57,1,133,186,162,28.3,0,1,1,7.1,157,1
63,0,128,231,110,39.7,0,0,0,4.5,168,0
64,1,123,250,87,31.5,1,0,0,4.6,161,1
44,1,138,219,90,26.2,1,0,0,0.2,175,0
32,1,100,130,109,29.3,0,0,0,6.2,172,0
46,1,126,236,102,28.2,0,0,0,8.1,161,0
65,1,134,286,96,28.4,1,0,0,4.3,163,1
46,1,139,253,83,28.3,0,0,0,2.0,182,0
44,1,113,130,88,25.1,0,0,0,3.1,167,0
29,1,109,300,105,27.3,0,0,0,2.4,190,0
76,0,119,181,68,26.4,1,0,0,2.6,163,1
64,1,136,184,68,19.4,0,0,0,5.2,156,0
63,1,123,262,106,33.3,0,0,0,4.2,145,1
66,0,117,250,88,25.6,0,0,0,6.1,145,1
60,1,116,231,103,28.6,0,0,1,4.5,156,0
50,1,132,198,120,23.9,0,0,1,1.3,165,0
51,1,108,278,81,24.1,0,0,0,2.2,168,0
47,0,108,219,71,22.5,0,0,0,2.0,171,0
79,0,152,172,92,33.2,1,0,0,3.0,145,1
60,0,125,279,131,33.4,0,1,0,8.2,170,1
47,0,137,230,96,27.4,0,0,1,8.6,163,1
59,1,126,274,104,25.4,1,0,0,5.7,175,0
40,1,120,241,101,19.1,0,0,1,3.8,186,0
73,1,139,335,97,32.2,1,0,1,0.0,161,1
44,1,143,206,112,24.0,0,0,1,4.1,166,0
60,1,147,228,106,22.8,0,0,1,1.4,162,1
67,1,148,262,138,28.4,0,1,0,7.7,166,1
58,0,118,214,106,26.3,0,0,0,0.7,162,1
54,1,115,258,73,20.6,1,0,0,4.5,156,1
53,1,137,130,112,21.2,0,0,0,1.2,159,0
52,0,149,220,96,29.0,1,0,1,3.5,158,1
46,1,144,215,78,24.2,1,0,1,5.2,156,1
47,0,127,215,90,29.6,1,0,1,6.2,200,0
72,0,147,197,112,29.2,1,0,1,3.3,131,1
52,0,136,261,84,32.3,0,0,0,5.5,157,1
43,1,124,197,102,23.2,0,0,1,1.8,181,0
46,1,129,228,109,28.3,1,0,1,4.1,162,1
67,0,132,230,141,31.2,0,1,1,6.1,155,0
62,0,117,250,83,25.1,0,0,0,4.4,166,1
60,0,118,288,95,33.1,0,0,0,2.1,174,1
50,1,113,230,75,19.7,0,0,0,2.8,166,0
60,1,108,263,89,24.1,1,0,0,6.1,170,0
45,1,124,225,79,19.3,0,0,0,0.7,154,0
50,1,127,201,95,24.0,1,0,0,1.0,160,1
66,1,146,225,77,27.5,1,0,0,5.1,162,0
64,0,148,218,97,31.9,0,0,0,2.4,182,0
40,1,144,240,113,26.2,1,0,0,0.3,162,0
42,0,142,222,114,24.3,0,0,1,7.0,162,1
54,0,114,191,77,20.5,0,0,0,0.6,171,0
75,1,112,226,86,23.1,0,0,0,3.0,154,0
29,0,130,146,109,27.8,0,0,0,1.9,175,0
57,0,147,218,107,31.8,0,0,0,2.7,152,1
35,1,142,214,132,24.7,0,1,0,1.2,174,0
45,1,129,295,89,32.7,0,0,1,5.4,178,0
48,0,93,278,97,22.9,0,0,0,3.8,167,0
48,0,129,177,69,25.5,0,0,0,6.1,184,0
46,0,131,228,104,25.8,0,0,0,1.9,171,0
53,0,148,233,112,34.6,1,0,0,9.0,171,0
46,1,148,210,90,27.8,1,0,1,1.5,172,1
34,0,132,206,75,18.3,0,0,0,0.6,175,0
63,0,120,214,117,32.4,0,0,0,8.1,170,0
63,0,114,308,144,36.5,0,1,1,4.7,148,1
64,0,137,212,107,27.0,0,0,1,4.4,154,0
33,0,110,227,76,22.4,1,0,0,4.6,173,0
57,0,153,130,76,31.7,1,0,1,5.0,166,1
62,1,103,263,102,37.0,0,0,0,4.3,169,0
40,0,129,266,111,30.8,0,0,0,1.0,167,0
53,1,134,179,79,20.1,1,0,1,5.6,154,0
51,0,121,201,94,30.9,0,0,1,5.2,170,0
77,0,120,256,72,30.6,0,0,0,7.2,135,1
78,0,104,238,85,24.4,0,0,0,8.1,162,0
31,1,113,231,92,32.4,1,0,0,4.4,176,0
79,1,127,226,103,30.9,0,0,1,0.3,138,1
41,1,137,295,68,33.0,0,0,0,8.1,162,1
66,1,118,203,161,23.3,0,1,1,0.9,163,1
66,1,137,344,93,30.0,0,0,0,4.4,162,1
40,0,105,269,115,22.8,1,0,1,2.8,165,0
59,1,139,262,106,29.0,1,0,1,2.4,159,1
52,0,92,179,109,34.3,0,0,0,5.5,156,0
60,1,159,266,126,21.3,0,0,0,4.1,160,1
56,0,128,251,84,21.4,1,0,0,4.8,179,0
69,0,92,143,98,32.7,0,0,0,1.4,181,0
54,0,115,165,81,27.5,0,0,0,3.0,165,0
51,0,111,238,94,32.8,0,0,1,1.5,174,0
67,0,121,226,107,24.5,0,0,0,3.0,163,1
61,0,127,206,113,28.2,1,0,0,3.2,140,1
63,0,119,274,90,31.2,0,0,0,8.3,148,1
44,1,109,182,78,28.1,0,0,0,2.8,148,0
39,1,106,197,97,18.6,1,0,0,2.0,179,0
46,0,135,193,83,40.2,0,0,1,7.1,193,0
45,1,144,241,87,28.1,1,0,1,4.7,181,0
63,0,125,157,106,21.9,0,0,0,3.2,162,0
66,0,130,210,103,29.6,0,0,1,2.4,158,1
51,1,111,150,109,29.4,1,0,0,1.0,162,0
72,0,137,221,91,33.1,1,0,1,8.5,164,1
71,0,139,264,111,32.7,1,0,0,3.6,155,1
56,0,127,256,141,26.7,1,1,0,1.0,163,1
42,0,127,187,92,19.1,0,0,1,4.4,163,0
73,0,137,257,125,30.7,0,1,0,6.6,161,0
52,0,109,215,68,19.9,0,0,1,3.9,167,0
55,0,148,282,73,33.2,1,0,1,1.2,168,1
49,1,121,216,99,24.0,0,0,0,0.9,181,0
41,0,146,130,82,29.9,0,0,0,1.1,157,1
34,0,128,251,71,23.6,1,0,0,7.5,174,0
61,1,162,209,90,25.7,1,0,0,3.3,155,1
43,1,143,207,100,23.4,1,0,0,0.9,165,1
79,0,138,252,102,32.1,0,0,0,4.5,138,1
39,1,109,156,96,24.0,0,0,0,3.9,169,0
37,0,113,218,95,30.3,1,0,0,2.3,163,0
60,1,136,250,88,25.2,0,0,0,0.8,172,0
73,1,135,250,106,27.5,0,0,0,0.7,159,0
54,0,121,199,138,27.8,1,1,0,6.3,167,0
60,1,144,269,95,28.6,1,0,1,4.1,139,1
29,1,117,169,112,22.1,0,0,0,4.7,205,0
44,0,134,192,108,30.3,0,0,0,4.1,169,0
39,0,105,210,93,25.6,0,0,1,4.4,196,0
29,1,135,223,91,28.9,1,0,0,2.3,188,0
55,0,133,211,91,27.6,0,0,0,3.0,164,1
29,0,134,262,68,29.0,0,0,0,6.5,205,0
36,0,133,227,112,24.8,0,0,0,7.2,185,0
46,1,125,223,86,23.6,1,0,1,0.3,167,0
42,1,122,229,109,29.0,1,0,0,3.0,167,0
58,0,154,257,97,25.5,0,0,0,5.7,176,0
57,0,122,236,162,34.5,0,1,0,8.4,159,0
65,1,141,154,104,28.5,0,0,0,8.1,156,0
63,0,123,275,110,21.7,0,0,0,1.4,154,1
68,1,103,237,87,25.6,0,0,0,6.8,149,1
53,0,107,252,77,23.0,0,0,0,3.7,160,0
57,0,133,209,98,32.7,0,0,0,6.2,184,0
60,0,138,151,68,31.5,0,0,0,5.5,174,0
55,0,132,130,134,27.4,0,1,1,0.2,169,0
48,1,140,181,78,28.6,0,0,0,4.9,165,0
49,0,129,243,83,26.9,0,0,1,6.1,164,1
42,1,113,272,105,31.0,1,0,1,3.4,168,0
58,0,136,239,149,30.2,0,1,0,2.9,184,0
52,0,127,179,94,30.7,0,0,1,0.6,171,1
44,1,117,186,101,26.2,1,0,1,5.3,179,0
44,1,129,276,88,24.2,0,0,0,4.0,176,0
37,1,124,160,132,29.8,1,0,0,1.1,165,0
66,1,121,319,146,35.3,0,1,0,2.7,160,1
54,1,127,303,87,32.7,1,0,0,3.9,152,1
42,0,142,307,109,34.3,0,0,0,2.0,188,1
64,1,150,246,115,28.8,0,0,0,3.5,152,1
46,0,129,205,84,22.7,1,0,0,1.0,163,0
35,0,123,229,75,22.6,1,0,0,7.0,185,0
66,0,109,269,78,34.5,0,0,0,3.5,151,1
46,1,152,192,86,18.6,1,0,0,0.6,167,0
48,0,139,175,95,34.2,0,0,0,2.9,142,1
54,0,141,212,72,24.0,1,0,1,6.2,160,0
68,0,101,199,90,37.1,1,0,1,5.0,161,1
53,0,126,276,93,27.2,0,0,0,4.0,161,0
37,0,121,189,101,30.1,1,0,1,5.7,181,0
60,0,142,232,105,38.9,1,0,1,5.7,160,1
47,0,116,262,102,25.7,0,0,1,4.0,183,0
78,1,131,291,123,27.2,0,0,1,2.8,143,1
53,0,138,232,112,24.4,1,0,0,2.4,162,1
29,1,104,227,99,21.7,0,0,0,4.6,167,0
58,1,118,184,81,26.3,0,0,1,7.1,163,0
78,0,142,280,86,26.2,1,0,1,3.2,144,1
73,1,153,288,75,22.8,0,0,0,7.3,165,0
77,0,150,158,98,27.8,1,0,0,4.5,142,1
40,1,136,291,146,29.0,0,1,0,4.5,171,1
65,0,131,201,109,24.0,0,0,0,9.8,152,1
44,1,148,244,100,26.4,1,0,0,7.8,171,0
56,0,100,229,112,34.2,0,0,0,7.9,187,0
36,1,149,212,112,20.2,0,0,0,1.4,140,1
45,1,154,211,81,36.0,0,0,0,9.2,172,0
44,1,129,177,88,24.0,0,0,0,3.3,186,0
65,0,142,252,96,29.1,0,0,0,2.9,154,1
63,0,128,217,85,33.9,0,0,0,2.1,167,1
57,0,128,171,92,35.0,1,0,0,4.3,175,1
35,1,113,170,101,28.8,1,0,0,0.7,173,0
49,1,127,167,94,24.2,1,0,0,4.6,160,0
43,1,130,196,96,23.4,0,0,0,0.5,184,0
64,0,136,250,82,25.5,0,0,0,8.2,166,1
68,0,161,202,104,37.0,0,0,1,4.9,157,1
67,1,136,272,102,26.5,1,0,0,9.4,162,0
43,0,99,213,85,28.5,0,0,0,0.8,185,0
29,0,145,198,77,21.5,1,0,0,7.5,180,0
30,1,98,212,114,21.1,0,0,0,1.2,186,0
71,1,124,292,122,28.6,0,0,0,4.0,162,0
48,1,131,163,100,25.8,1,0,0,1.9,163,1
43,1,128,288,91,25.9,0,0,1,2.3,187,0
74,1,115,276,157,21.8,1,1,0,2.2,140,1
69,0,124,232,103,28.0,1,0,1,1.1,153,1
53,1,103,273,93,34.7,0,0,1,0.2,176,1
49,0,133,208,111,23.4,0,0,0,2.3,159,0
51,0,142,235,84,31.6,0,0,1,3.8,178,1
56,0,112,203,86,16.5,1,0,0,6.5,165,0
74,0,152,276,101,24.9,1,0,0,4.3,165,1
58,1,141,197,98,19.0,0,0,0,6.5,171,0
62,1,123,226,106,33.7,1,0,0,0.3,157,1
68,1,101,260,114,32.3,0,0,0,2.4,160,0
38,0,103,259,73,22.0,0,0,0,5.3,180,0
63,0,124,195,97,29.4,1,0,0,4.4,180,0
49,1,151,253,125,32.9,1,0,0,1.3,168,1
29,1,114,169,87,32.6,0,0,0,5.9,182,0
29,1,101,130,85,24.5,0,0,0,2.1,181,0
40,1,122,185,68,16.7,0,0,1,1.5,178,0
60,0,108,263,98,23.8,0,0,0,4.8,151,0
54,1,133,224,105,31.1,0,0,1,3.5,163,1
55,1,115,202,105,37.3,1,0,0,2.1,152,1
78,1,122,240,80,28.6,0,0,0,2.1,142,1
37,1,125,216,96,24.0,0,0,0,0.7,187,1
53,1,155,250,99,38.6,1,0,0,2.5,165,1
57,0,160,158,97,29.6,0,0,0,6.4,157,0
43,1,106,214,80,21.4,0,0,0,4.1,172,0
53,0,120,229,97,27.0,1,0,1,6.0,162,1
32,1,125,155,84,31.1,0,0,0,4.8,182,0
71,1,150,176,68,28.1,0,0,0,1.9,139,1
44,1,92,203,106,30.8,0,0,0,0.8,161,1
79,1,136,238,98,21.5,0,0,0,1.1,135,1
53,1,118,224,105,21.0,0,0,1,1.8,158,1
66,1,101,207,88,24.8,0,0,0,1.6,151,1
52,0,105,198,105,26.2,0,0,0,6.1,157,1
53,0,121,207,111,29.1,1,0,1,6.0,173,1
45,0,123,232,122,30.1,0,0,1,9.3,193,0
55,1,141,277,108,39.0,0,0,1,1.5,175,1
57,0,132,133,102,24.4,0,0,1,7.7,159,0
43,0,140,244,75,25.6,1,0,0,7.6,173,0
51,1,125,218,94,24.2,0,0,0,2.9,168,0
45,1,116,241,75,32.1,1,0,0,4.7,163,1
79,0,132,288,84,34.1,0,0,0,6.7,165,0
52,0,139,191,170,25.4,1,1,1,3.3,187,0
73,1,148,274,81,38.1,0,0,0,3.1,138,1
50,1,122,169,68,24.1,0,0,0,1.9,185,0
56,0,112,231,108,32.4,0,0,1,2.6,159,0
36,1,124,204,86,33.4,0,0,0,3.7,176,0
47,0,130,222,108,21.0,0,0,0,1.7,175,0
56,0,145,184,78,30.4,0,0,1,0.7,183,0
74,0,123,254,90,16.5,0,0,0,4.6,157,0
56,0,116,292,114,31.5,0,0,0,0.3,170,1
71,1,147,193,76,23.4,1,0,0,5.6,162,0
61,0,122,236,138,30.6,0,1,0,4.8,173,1
74,0,130,271,100,32.1,1,0,0,2.5,157,1
52,0,144,211,130,32.7,0,1,1,3.3,179,1
79,1,114,295,100,32.9,0,0,0,0.4,144,0
47,1,158,202,96,27.5,1,0,0,5.5,149,1
43,1,112,213,104,25.3,0,0,0,4.0,194,0
37,1,132,173,124,26.4,0,0,1,4.2,167,0
79,0,133,243,136,23.7,0,0,0,4.8,145,1
64,0,133,230,103,27.1,0,0,1,1.8,157,0
49,0,120,248,94,26.0,0,0,0,0.4,165,1
69,0,144,206,103,24.7,0,0,1,6.0,149,0
62,1,127,200,93,20.0,1,0,0,5.3,164,1
79,1,126,257,72,23.0,0,0,1,2.1,156,0
33,1,145,271,95,16.5,0,0,0,4.6,187,0
50,1,124,248,112,26.0,0,0,1,6.8,176,0
47,1,113,298,119,28.9,0,1,0,6.5,167,1
29,1,98,234,81,16.5,1,0,0,2.0,176,0
67,1,158,253,87,29.3,0,0,0,0.4,171,1
49,0,115,250,102,26.8,0,0,0,0.1,164,1
63,1,160,292,132,22.6,0,0,1,2.7,155,1
79,1,145,290,84,26.9,1,0,0,7.3,158,1
48,1,125,175,97,32.1,0,0,1,1.6,171,0
48,0,130,255,96,22.8,1,0,0,1.9,162,1
55,0,159,236,91,28.0,0,0,0,1.9,161,0
66,1,97,223,95,29.8,0,0,1,2.1,171,0
46,1,126,145,89,23.4,0,0,0,3.5,179,0
45,0,118,155,137,31.8,0,0,0,0.2,175,0
67,0,127,216,152,30.1,0,1,0,6.3,146,1
58,0,129,165,89,26.6,0,0,0,3.1,167,0
29,0,112,196,159,37.2,0,1,1,9.9,181,1
37,0,122,245,145,31.4,0,1,0,0.4,168,1
73,0,132,210,97,20.8,0,0,0,7.6,148,0
58,1,107,230,93,26.0,0,0,1,7.1,172,0
43,0,127,173,92,38.4,0,0,0,2.4,188,0
51,1,135,235,78,22.9,0,0,1,2.5,157,1
53,0,117,245,71,27.9,0,0,1,1.1,157,1
63,1,161,169,102,33.7,1,0,1,1.1,166,1
35,1,138,182,93,29.7,0,0,0,3.5,175,0
42,0,134,164,109,30.7,0,0,1,3.6,181,0
57,0,139,247,83,31.1,0,0,0,0.7,160,1
52,1,129,230,80,27.6,1,0,0,9.5,172,0
60,0,145,225,153,24.3,0,1,1,2.8,148,1
37,1,143,209,92,28.7,0,0,1,3.7,184,0
58,1,139,240,109,25.9,0,0,0,1.9,141,1
67,0,122,246,97,26.0,0,0,1,2.8,169,0
59,1,131,206,169,34.7,1,1,1,2.6,160,1
55,1,135,198,107,25.9,0,0,0,3.5,171,0
52,0,137,221,147,35.3,0,1,0,3.5,171,1
42,1,120,210,108,28.2,0,0,1,5.6,156,1
52,1,120,310,92,26.8,1,0,0,4.1,180,1
69,1,159,216,71,20.0,1,0,0,5.3,158,1
51,0,112,235,101,37.2,1,0,0,3.5,174,0
41,1,110,237,125,26.9,1,0,1,4.1,164,0
47,1,107,279,68,16.8,1,0,1,2.9,171,0
56,0,112,191,103,32.2,0,0,0,6.1,151,0
48,1,142,277,73,27.1,0,0,1,4.3,172,1
59,1,147,221,141,23.6,0,1,0,3.1,153,1
60,0,127,333,97,32.2,0,0,0,3.0,205,0
65,0,137,245,107,16.5,0,0,0,3.2,166,0
72,1,132,182,99,25.2,0,0,0,3.6,170,0
66,0,112,223,117,26.8,0,0,0,3.4,156,1
41,0,154,273,113,30.9,0,0,0,2.0,180,0
41,1,141,220,93,37.3,0,0,0,5.5,185,0
52,0,130,221,157,26.4,0,1,0,5.7,156,1
47,0,110,251,91,29.4,0,0,0,8.1,164,1
38,0,116,201,134,39.4,0,1,0,1.9,188,0
47,0,112,211,123,27.3,0,1,0,5.2,169,0
47,0,124,181,116,29.4,0,0,0,1.5,163,0
44,0,126,291,91,21.4,0,0,1,5.7,166,0
49,0,119,170,68,36.4,0,0,1,0.3,157,0
68,0,109,239,104,25.0,0,0,0,0.9,136,1
56,0,158,245,89,28.9,0,0,0,4.4,147,1
79,0,143,237,92,30.0,1,0,0,1.9,148,1
55,0,137,172,92,28.0,1,0,1,1.5,171,0
49,1,117,180,91,25.4,0,0,0,2.2,198,0
53,1,102,246,137,28.7,0,0,0,5.4,167,0
56,0,125,193,121,35.8,0,0,0,1.1,152,0
59,1,127,140,106,38.3,1,0,0,3.4,160,0
79,0,146,254,100,28.0,0,0,0,2.5,158,0
42,0,139,181,113,24.9,1,0,0,5.6,183,0
64,0,145,256,100,24.4,1,0,0,5.7,168,0
56,1,141,217,108,40.1,0,0,0,1.3,172,0
33,0,145,202,104,27.1,0,0,0,6.2,182,0
63,1,139,231,98,33.2,1,0,1,1.9,166,1
69,0,148,185,110,31.6,0,0,0,4.1,144,1
42,1,132,183,90,37.2,1,0,1,1.1,150,1
53,1,97,213,97,26.4,0,0,0,4.5,191,0
31,0,114,163,81,21.4,0,0,1,10.1,181,0
37,0,110,245,83,35.3,1,0,1,3.8,181,0
67,0,138,218,68,32.4,1,0,0,2.3,125,1
47,1,111,159,103,29.3,0,0,0,2.9,188,0
39,1,129,192,107,33.9,0,0,0,0.3,189,1
56,1,141,230,112,30.1,0,0,1,7.3,148,1
46,0,141,201,79,34.4,0,0,0,4.3,169,1
47,0,151,237,103,28.4,1,0,0,0.8,171,0
63,1,104,253,96,32.2,0,0,1,0.9,147,1
38,1,101,316,107,29.2,0,0,0,3.5,183,1
41,1,164,265,86,25.5,0,0,0,5.9,187,0
55,0,141,156,91,26.7,0,0,1,0.5,170,0
66,1,137,216,73,26.4,1,0,1,6.4,139,1
69,1,132,221,85,29.6,0,0,0,3.3,146,0
44,1,121,243,96,25.0,0,0,0,1.1,172,0
65,1,105,191,99,30.2,1,0,0,2.3,154,1
43,1,110,196,116,28.9,0,1,0,8.0,172,0
77,1,133,185,88,29.7,0,0,1,0.1,149,1
38,0,109,190,98,27.8,0,0,0,1.6,157,0
70,0,123,209,117,25.8,0,0,0,6.0,165,0
44,1,160,206,83,25.8,0,0,1,4.1,180,0
79,0,131,188,103,21.2,0,0,0,1.4,156,0
61,1,132,269,88,27.4,0,0,1,6.0,167,1
40,0,124,236,89,22.4,0,0,0,6.1,173,0
46,0,131,159,83,27.7,0,0,0,4.4,165,0
63,1,122,230,80,24.8,0,0,1,1.9,150,0
67,0,149,166,89,18.8,0,0,0,2.3,175,0
52,0,131,279,112,37.9,0,0,0,4.2,168,1
54,0,106,292,85,26.5,0,0,0,0.1,149,0
63,1,131,227,82,34.7,1,0,1,7.0,158,1
55,1,123,189,144,25.2,0,1,0,7.9,143,1
36,1,115,186,96,34.5,0,0,1,2.9,181,0
42,0,129,199,95,21.7,0,0,1,4.4,176,0
56,0,136,221,100,28.5,0,0,0,6.6,160,0
69,1,139,290,81,23.3,0,0,0,8.6,147,0
74,0,138,275,83,40.6,0,0,1,7.5,160,1
63,1,130,270,111,26.9,0,0,1,1.0,160,1
57,1,98,233,94,31.6,1,0,0,2.7,141,1
63,0,141,181,105,30.1,0,0,1,4.8,174,0
44,1,129,186,114,27.0,0,0,1,2.2,163,0
51,0,114,225,154,29.8,1,1,1,8.1,151,1
42,0,125,167,75,33.3,0,0,0,7.7,190,0
37,0,129,228,94,29.8,0,0,0,1.4,190,0
57,0,144,260,112,28.5,0,0,1,3.1,160,1
55,1,134,248,104,30.0,0,0,0,1.6,152,1
62,0,137,250,99,36.8,1,0,0,3.0,149,1
60,0,142,149,71,26.0,0,0,0,2.9,158,0
56,1,122,281,87,19.2,0,0,1,6.0,179,0
60,1,138,162,97,22.9,1,0,0,1.2,174,0
52,1,115,217,75,22.8,0,0,0,3.3,170,0
58,1,144,252,108,23.7,0,0,0,0.7,171,1
44,0,98,234,94,23.2,0,0,0,0.8,171,0
58,1,139,173,111,27.7,0,1,0,1.8,155,1
62,0,129,182,88,29.1,0,0,0,4.0,145,1
44,1,136,231,92,28.2,0,0,0,0.7,177,0
54,1,114,246,94,24.2,0,0,1,0.4,177,0
45,1,127,173,162,31.7,1,1,0,1.1,164,0
46,1,123,236,105,29.7,0,0,0,0.6,185,0
38,0,126,152,76,34.1,0,0,1,2.1,173,1
69,1,116,259,74,32.2,0,0,0,1.9,158,0
67,1,144,194,92,26.6,1,0,1,5.3,153,1
60,1,100,231,98,33.9,0,0,0,0.9,177,0
79,1,129,234,156,30.1,1,1,1,2.6,153,1
51,0,101,271,122,31.1,0,0,1,2.1,168,1
79,0,147,248,123,32.2,0,0,1,5.6,151,0
50,1,130,197,134,26.8,0,1,0,3.1,156,1
56,0,133,240,110,28.2,0,0,0,6.2,141,1
48,1,149,311,102,26.7,1,0,1,0.5,162,1
58,0,122,257,80,23.9,0,0,0,3.4,162,0
64,0,142,227,68,18.2,1,0,0,2.0,163,1
52,1,126,188,98,24.3,0,0,0,0.3,166,0
76,0,133,210,74,29.6,0,0,1,3.3,147,1
56,0,146,254,83,32.7,0,0,1,8.0,133,1
57,1,162,189,131,31.4,1,1,1,1.3,168,1
41,0,114,217,99,25.7,0,0,0,3.2,178,0
58,0,140,287,115,24.7,0,0,1,0.1,173,1
51,1,129,229,96,26.6,0,0,1,0.3,169,0
45,0,127,174,88,22.7,0,0,0,1.5,185,0
43,0,125,310,68,17.3,0,0,0,2.3,168,0
79,0,130,312,103,21.7,0,0,0,2.4,150,1
50,1,92,243,141,33.7,1,1,0,2.9,169,1
34,0,141,267,88,35.1,0,0,0,0.8,187,0
44,0,111,207,113,30.6,0,0,0,1.9,178,0
52,0,121,254,78,27.2,0,0,0,4.8,173,0
60,1,124,210,86,21.5,0,0,0,0.0,166,0
60,1,116,171,92,27.2,0,0,0,2.6,161,0
62,0,132,337,133,30.8,0,1,1,4.3,172,1
45,0,121,160,104,31.0,0,0,0,1.5,154,1
57,1,116,238,103,30.9,0,0,0,4.4,158,1
42,0,123,230,112,32.6,0,0,1,0.5,192,1
45,0,126,241,104,36.1,1,0,0,5.8,162,1
41,0,134,213,94,25.1,0,0,0,4.5,174,0
38,1,99,212,91,39.7,0,0,1,3.6,193,0
67,0,118,237,103,19.0,0,0,0,6.4,157,0
62,1,139,249,93,24.4,0,0,1,2.6,153,0
66,1,120,231,97,29.1,0,0,1,1.9,172,0
54,0,112,221,104,30.1,0,0,0,7.1,164,0
63,0,120,174,98,27.2,0,0,1,8.3,159,0
30,1,115,296,101,24.1,0,0,0,1.7,161,1
64,0,128,252,84,38.2,0,0,1,3.2,159,1
55,0,123,234,116,25.1,0,0,0,6.2,174,1
61,1,117,202,79,23.3,1,0,1,3.3,155,1
58,1,139,184,103,35.6,0,0,0,5.0,150,1
40,0,140,253,89,30.8,0,0,0,5.5,171,0
34,0,92,206,112,31.6,0,0,1,2.0,173,0
44,1,98,245,109,28.0,0,0,1,4.6,171,1
60,0,143,171,96,21.6,0,0,0,3.5,157,0
62,0,152,294,119,28.4,0,0,0,0.3,180,1
35,0,92,252,93,19.7,0,0,1,0.9,183,0
40,0,132,213,109,28.0,0,0,0,1.8,157,0
44,1,146,238,85,30.1,0,0,0,5.9,174,0
48,1,110,252,102,32.2,0,0,0,6.0,170,0
35,1,142,158,82,26.2,0,0,1,5.4,192,0
35,0,120,284,141,30.1,1,1,1,4.6,175,1
42,0,126,238,95,22.8,0,0,0,4.6,173,0
54,0,119,195,109,32.0,1,0,1,4.2,184,0
38,1,138,169,86,29.9,1,0,0,4.6,163,0
51,0,137,264,142,23.8,0,0,0,4.7,178,0
67,1,156,240,75,30.7,0,0,1,0.2,159,1
36,1,144,235,99,31.7,1,0,0,1.4,170,1
50,1,124,223,100,27.8,0,0,0,0.8,162,0
66,0,177,189,104,24.4,0,0,0,6.4,174,0
48,1,144,242,88,28.1,0,0,0,7.8,176,0
46,0,131,212,100,29.7,0,0,0,2.1,179,0
68,0,120,231,133,24.5,1,1,1,7.6,165,1
49,0,101,321,124,22.7,0,0,0,3.7,174,0
67,1,113,268,86,30.6,1,0,0,6.1,144,1
59,0,113,266,94,31.6,0,0,0,4.8,146,1
49,0,144,336,86,37.2,0,0,1,7.2,187,1
59,1,135,243,129,30.9,0,1,0,4.0,166,1
57,0,121,231,75,22.2,1,0,1,0.0,163,1
66,0,132,202,106,37.6,1,0,0,3.2,176,0
46,1,123,201,86,32.1,1,0,0,4.8,157,0
54,0,142,138,84,18.4,1,0,0,2.9,136,0
52,1,112,256,82,22.8,0,0,0,5.2,148,0
62,1,134,175,101,25.7,0,0,0,3.3,156,1
40,0,129,254,96,30.8,1,0,1,2.0,174,1
66,1,117,229,96,17.3,0,0,0,0.7,174,0
59,1,151,232,85,27.3,0,0,1,2.5,173,1
36,1,114,213,103,30.3,0,0,0,4.0,150,1
69,1,116,291,86,16.5,0,0,0,1.6,188,0
79,1,148,289,142,32.3,0,1,1,1.5,146,1
66,0,131,230,94,32.2,0,0,0,1.7,173,0
72,1,138,196,71,24.6,0,0,1,1.9,161,0
54,1,108,263,126,22.3,0,0,1,6.6,167,0
31,0,129,171,105,22.5,0,0,1,0.4,179,0
29,0,149,145,99,16.5,0,0,0,5.3,171,0
56,1,111,246,101,26.2,1,0,1,10.9,148,1
45,1,127,270,127,28.2,0,0,1,7.3,171,0
41,1,109,200,113,21.3,0,0,0,3.8,160,0
52,1,165,240,101,32.0,0,0,0,5.7,186,0
61,1,147,211,85,28.4,0,0,1,0.1,163,1
34,0,126,244,88,27.8,1,0,0,0.6,200,0
47,0,104,266,69,25.4,0,0,0,3.6,167,1
73,1,118,224,135,32.0,0,1,1,4.5,148,1
39,0,131,173,106,32.8,0,0,1,6.3,183,0
64,1,109,169,151,26.2,0,1,0,2.0,158,0
47,1,107,259,105,30.8,1,0,0,4.0,179,0
60,1,132,180,88,31.5,1,0,0,3.9,176,0
67,1,132,247,104,30.2,0,0,0,3.2,171,1
63,0,139,262,108,35.8,1,0,0,3.3,173,1
65,1,123,209,68,24.8,0,0,1,1.3,169,1
38,0,133,208,101,24.9,0,0,1,4.2,171,0
67,1,118,273,127,24.7,0,0,1,4.0,171,0
42,0,130,184,92,30.3,0,0,1,2.4,182,0
56,0,129,187,68,26.4,0,0,1,5.2,159,0
56,1,135,215,84,24.5,0,0,0,6.2,160,0
59,1,145,281,114,35.5,0,1,0,5.3,163,1
57,0,120,294,86,36.1,0,0,0,0.8,177,1
42,0,111,213,78,25.5,0,0,0,3.8,176,0
35,1,93,184,110,20.4,0,0,1,1.1,179,0
64,0,99,274,108,36.7,0,0,0,3.8,159,1
55,1,123,155,101,29.8,0,0,0,1.1,162,0
68,1,133,242,159,30.2,1,1,0,6.8,142,1
52,0,108,221,88,28.0,0,0,0,5.5,177,0
35,1,109,268,97,23.0,1,0,1,6.5,165,1
66,1,153,289,129,26.3,0,0,0,6.2,160,1
48,1,136,181,105,30.4,0,0,0,2.8,166,0
57,1,112,233,150,25.7,1,1,1,2.4,170,1
45,1,115,195,84,29.1,0,0,0,8.0,169,0
74,1,139,223,90,28.7,0,0,0,3.1,143,1
42,0,112,244,81,22.1,0,0,1,0.0,186,0
49,0,111,207,121,34.8,0,0,0,6.1,161,0
54,1,120,232,73,30.3,0,0,0,3.9,169,0
39,1,136,256,110,28.4,0,0,0,7.4,191,0
57,0,144,289,105,30.3,0,0,0,4.1,157,1
74,1,126,247,72,20.4,1,0,0,3.4,150,1
47,1,130,225,113,25.0,0,0,1,7.5,167,0
58,0,127,180,92,20.8,0,0,0,0.5,166,0
29,1,105,277,76,26.9,1,0,1,2.0,179,0
52,0,120,244,101,29.0,0,0,0,1.2,178,0
49,0,109,227,84,28.0,1,0,1,2.2,160,1
42,0,138,221,93,32.4,0,0,1,5.8,189,0
67,1,154,246,88,21.4,0,0,0,2.1,176,0
49,1,121,254,83,23.7,1,0,0,5.9,170,0
51,1,115,260,78,29.4,0,0,1,4.5,160,1
48,0,143,289,108,28.5,1,0,0,5.1,167,0
29,0,134,221,101,20.3,0,0,1,2.3,182,0
38,0,107,289,100,32.3,1,0,0,1.5,194,0
65,1,127,275,136,35.2,0,1,1,3.7,159,1
29,0,115,208,97,28.3,0,0,0,5.9,198,0
43,0,110,148,85,20.1,0,0,0,3.4,175,0
48,0,133,224,85,28.0,1,0,0,1.7,168,0
76,0,123,302,122,30.3,0,0,0,0.4,149,1
63,1,121,197,109,26.8,0,0,0,4.0,158,1
46,1,125,223,88,33.4,1,0,0,2.1,179,0
70,0,109,240,74,27.9,0,0,1,3.3,148,1
43,1,92,258,70,36.7,0,0,0,2.9,185,0
66,1,144,215,86,31.8,0,0,0,2.3,175,0
35,1,107,177,98,27.9,0,0,1,4.3,173,0
67,1,162,255,98,32.5,0,0,1,4.9,172,0
48,0,153,190,98,34.3,0,0,1,8.6,182,0
40,1,113,139,101,31.0,0,0,0,5.5,186,0
50,1,159,299,80,27.1,0,0,1,7.6,163,1
57,0,141,265,119,24.7,0,0,0,1.4,164,1
47,0,113,299,93,22.1,0,0,0,0.7,170,0
60,1,93,264,100,16.7,1,0,1,3.5,183,0
45,1,132,248,86,28.0,0,0,0,5.7,173,0
61,1,129,244,146,26.2,0,1,0,5.3,160,1
59,1,134,219,127,26.3,0,0,0,6.6,151,1
52,1,121,245,81,32.2,0,0,0,3.1,158,1
47,1,110,197,79,26.7,1,0,0,6.8,161,0
55,0,119,180,83,36.4,0,0,1,4.4,170,0
60,0,142,214,91,25.3,1,0,1,0.5,144,1
79,0,130,292,88,24.4,0,0,1,5.4,143,1
65,1,128,178,125,22.4,1,1,0,3.9,136,1
66,1,111,180,95,31.5,1,0,0,4.5,172,0
79,0,136,263,119,34.1,0,0,1,6.1,152,1
60,0,115,210,139,25.2,1,1,0,4.6,163,1
59,0,145,247,95,23.0,1,0,0,0.3,149,1
62,1,118,270,101,35.0,0,0,0,3.1,174,0
40,1,116,236,106,20.2,0,0,0,0.7,193,0
47,1,155,194,117,31.9,0,0,0,5.2,172,0
46,0,118,274,100,24.6,0,0,1,7.1,167,0
61,1,122,259,96,29.8,0,0,0,0.3,168,1
51,0,133,224,81,32.4,0,0,0,1.8,177,0
55,0,99,224,107,29.8,0,0,0,1.2,176,0
67,0,149,247,128,26.9,0,1,0,2.3,166,1
64,1,144,217,83,34.5,0,0,0,4.6,171,0
51,0,132,154,99,28.8,0,0,1,2.3,161,0
44,0,92,250,119,44.0,0,0,0,5.2,183,0
68,1,131,261,107,20.5,1,0,1,6.3,150,1
63,0,110,133,95,20.1,0,0,0,6.4,133,0
32,0,138,234,81,31.1,1,0,0,0.6,173,1
49,0,139,295,119,27.2,0,0,1,7.1,164,0
55,1,136,177,95,31.3,1,0,0,7.3,166,1
63,0,111,226,92,23.0,0,0,0,7.5,170,0
65,1,156,223,104,28.4,1,0,1,3.1,159,1
57,1,127,296,89,29.9,1,0,0,1.5,184,0
61,1,159,275,85,25.4,1,0,1,0.9,154,1
54,1,130,187,86,28.7,0,0,1,0.6,145,0
44,1,129,233,86,20.8,0,0,0,3.5,176,0
50,1,117,319,79,29.2,0,0,0,5.7,164,1
53,0,146,197,77,34.2,0,0,0,6.9,156,0
53,1,138,223,111,21.9,1,0,0,2.2,161,1
29,0,142,232,106,20.4,1,0,0,3.4,172,0
48,1,126,195,84,32.8,0,0,0,3.2,163,0
54,0,125,298,109,21.5,0,0,1,1.8,184,0
49,0,137,202,101,31.2,1,0,1,5.4,169,1
50,0,146,164,91,27.7,0,0,0,4.4,167,0
59,0,143,205,78,25.9,0,0,0,3.9,181,0
39,0,122,243,101,33.6,0,0,1,4.4,173,1
32,1,93,179,124,30.8,1,0,0,5.1,165,0
48,1,135,234,96,28.6,0,0,0,5.1,156,1
63,1,107,253,111,18.1,0,0,0,1.3,160,1
75,1,134,185,138,31.9,0,1,0,5.8,135,1
63,1,127,205,110,23.1,0,0,0,4.2,148,1
34,1,101,228,94,25.6,1,0,0,2.4,173,0
50,0,134,252,68,27.4,1,0,0,4.1,179,1
56,0,159,203,85,36.4,0,0,1,4.4,180,0
55,0,121,231,98,26.5,0,0,0,6.3,174,0
60,0,139,216,112,21.4,0,0,1,0.8,163,0
41,1,156,248,94,33.7,0,0,0,6.9,169,0
54,1,138,246,96,30.9,0,0,0,3.6,171,0
58,0,117,211,87,31.3,0,0,1,2.2,184,0
64,0,137,250,119,34.9,1,0,0,2.1,159,1
43,1,129,201,119,35.0,0,0,0,0.9,169,0
49,1,149,241,86,23.2,1,0,0,1.0,165,1
29,1,134,230,73,20.0,0,0,0,5.3,180,0
45,1,92,319,69,31.0,1,0,0,8.7,176,0
46,1,114,206,105,26.0,1,0,1,0.7,161,1
40,1,119,211,98,26.1,0,0,1,1.0,180,0
55,0,111,198,84,22.5,0,0,0,5.5,172,0
52,0,92,180,100,30.2,0,0,0,3.4,172,0
29,0,105,191,78,28.2,0,0,0,5.7,171,0
56,0,126,253,108,27.0,0,0,0,3.2,164,0
41,0,113,248,90,20.6,0,0,0,2.0,170,1
59,1,116,239,80,33.4,1,0,0,2.9,160,1
36,0,119,202,90,27.9,0,0,0,2.7,171,0
53,1,130,203,135,32.7,0,1,0,0.5,181,0
49,0,117,183,101,17.7,0,0,0,6.0,172,0
57,1,147,202,113,28.0,0,0,0,6.6,147,1
55,0,127,170,113,24.4,0,0,0,7.2,152,0
50,0,115,279,143,27.6,1,1,1,4.6,180,1
33,1,105,290,93,30.9,1,0,1,2.4,176,0
34,1,115,132,87,28.3,0,0,0,1.8,176,0
45,1,139,231,114,27.2,0,1,0,6.9,185,1
53,0,117,235,96,27.6,1,0,0,7.7,163,0
45,0,131,228,83,20.0,0,0,0,7.0,160,0
61,1,130,203,114,23.8,0,0,0,2.9,150,1
49,0,154,264,93,32.5,0,0,0,0.1,177,1
40,1,126,234,107,24.6,0,0,0,3.4,198,0
49,1,113,265,89,32.6,0,0,0,3.5,179,0
56,1,137,194,86,31.5,0,0,1,7.6,161,0
57,0,138,168,105,31.8,0,0,0,4.1,162,0
77,1,128,255,145,30.3,0,1,0,3.5,152,1
44,1,108,178,101,25.1,1,0,1,3.7,148,0
52,1,137,267,95,26.8,1,0,0,4.5,165,0
59,0,132,138,108,30.8,1,0,1,5.1,167,0
53,1,102,204,106,17.8,0,0,1,1.6,187,0
46,0,126,194,68,32.9,0,0,1,0.8,184,0
33,0,108,199,92,24.2,0,0,1,7.1,202,0
46,0,100,231,111,26.8,0,0,1,0.8,191,0
39,1,115,233,81,26.5,0,0,0,7.8,192,0
31,0,136,238,71,26.3,0,0,0,1.5,182,0
43,1,143,250,94,21.0,1,0,0,2.0,175,0
39,1,138,209,104,27.5,1,0,1,6.0,155,1
61,1,132,317,89,30.7,0,0,0,3.5,164,1
61,1,141,286,115,18.5,1,0,1,0.1,166,0
41,0,122,204,124,21.0,0,0,0,4.6,172,0
50,0,107,216,68,31.5,0,0,0,3.7,153,0
29,0,102,196,90,29.6,0,0,1,2.9,201,0
47,1,114,236,68,28.6,0,0,0,1.9,176,0
58,0,148,186,106,24.7,0,0,0,3.4,183,0
64,0,145,197,131,31.4,0,1,1,2.0,169,0
44,1,106,130,89,21.6,0,0,0,9.8,188,0
67,1,135,215,113,27.6,1,0,0,2.9,168,1
33,0,112,257,76,20.5,0,0,0,2.5,173,0
37,1,117,208,72,26.0,0,0,1,2.1,172,0
62,1,121,225,68,23.3,0,0,0,8.1,157,0
75,0,155,247,115,32.1,0,0,0,0.8,143,0
59,1,127,185,112,29.8,0,0,1,4.4,183,0
52,1,128,224,92,24.9,0,0,1,2.9,169,0
29,0,123,248,77,31.4,1,0,0,0.2,185,0
29,0,101,223,109,22.0,0,0,0,1.4,169,0
55,0,128,266,137,27.5,0,0,1,4.3,175,1
48,0,139,274,92,24.5,0,0,1,1.3,166,1
39,0,146,244,78,30.3,1,0,1,4.2,188,0
54,0,108,194,115,30.6,0,0,0,8.0,159,0
54,0,103,210,79,33.6,0,0,1,3.9,182,0
65,0,135,311,90,28.5,1,0,1,0.3,167,1
55,1,143,238,68,16.5,0,0,1,1.3,161,1
69,0,137,240,91,26.4,0,0,1,2.8,173,0
53,0,135,188,77,34.8,0,0,0,2.6,180,1
52,1,104,219,115,26.0,0,0,1,3.9,174,0
67,0,126,261,81,19.4,1,0,0,4.3,145,1
40,0,92,217,108,29.0,0,0,0,8.0,185,0
79,1,133,216,94,31.3,0,0,0,3.5,151,1
58,1,95,214,98,24.5,0,0,0,0.5,165,0
58,1,147,276,104,26.7,0,0,0,6.5,165,0
60,1,151,256,95,24.0,0,0,0,6.8,163,0
77,1,140,259,86,31.2,1,0,0,4.1,139,1
63,1,106,248,84,28.3,0,0,1,2.9,144,1
32,1,127,162,104,21.1,1,0,0,5.1,159,0
71,1,164,245,68,28.4,1,0,0,3.0,156,1
49,0,131,266,121,24.0,0,0,0,1.8,143,1
54,0,143,213,98,34.3,0,0,1,5.0,175,1
36,1,115,255,91,30.8,1,0,0,5.8,181,0
60,1,115,250,100,27.3,0,0,0,7.2,160,0
45,1,121,254,87,27.5,0,0,0,1.6,184,0
54,1,97,226,93,32.3,0,0,0,4.1,164,0
49,1,158,259,79,26.6,0,0,1,4.1,175,0
78,1,141,176,102,32.3,1,0,1,3.7,127,1
79,1,148,239,140,35.6,0,1,0,3.8,126,1
54,0,119,254,144,25.3,0,1,0,3.6,164,1
54,1,102,237,118,35.2,0,0,0,4.1,172,0
48,0,145,267,84,33.5,0,0,1,5.4,181,0
67,1,118,225,94,29.4,1,0,1,6.7,154,1
49,1,133,198,71,25.3,1,0,1,1.5,170,0
48,0,134,152,104,28.4,1,0,1,3.1,176,1
66,1,131,219,96,27.1,0,0,0,2.4,158,1
46,0,111,242,96,23.6,0,0,0,2.0,179,0
53,0,127,256,94,30.0,1,0,1,0.7,152,1
32,0,103,153,87,21.8,0,0,0,3.6,163,0
62,1,145,278,133,26.4,1,0,0,4.7,153,1
78,0,143,196,97,27.3,0,0,1,3.1,160,0
62,1,128,224,100,21.7,0,0,0,3.5,154,0
72,1,124,210,79,31.5,0,0,0,4.6,162,0
42,1,153,235,109,25.9,0,0,0,7.2,163,1
56,0,107,229,94,33.7,0,0,0,2.4,159,1
41,0,101,246,103,25.8,1,0,0,0.5,175,0
50,1,123,299,110,25.5,0,0,0,3.3,162,1
63,1,125,246,94,23.9,0,0,0,8.4,156,0
54,0,142,200,86,27.8,0,0,1,0.5,138,1
35,0,128,233,68,26.9,0,0,0,5.2,188,0
36,1,119,296,90,30.1,0,0,1,6.5,177,1
35,1,130,241,86,27.0,1,0,1,2.7,166,1
59,0,135,267,79,37.5,0,0,0,4.6,184,0
79,0,167,171,118,30.9,0,0,0,5.1,142,1
71,0,140,250,111,23.9,1,0,1,2.8,147,1
29,1,106,199,69,21.4,0,0,0,1.8,173,0
71,1,135,205,98,30.9,0,0,0,2.0,168,1
65,1,92,229,84,23.5,0,0,0,2.6,176,0
33,1,117,217,102,29.3,0,0,1,2.7,195,0
49,0,140,195,129,31.5,0,1,1,2.2,185,0
67,1,139,239,88,32.5,0,0,0,2.6,152,1
60,0,132,220,110,23.9,0,0,0,6.6,181,0
36,0,128,244,108,30.9,0,0,0,0.3,176,0
61,0,145,238,119,29.4,0,0,0,1.0,145,1
29,0,141,226,93,23.6,1,0,0,6.6,175,0
50,0,135,263,74,26.7,1,0,1,3.0,170,1
68,1,126,255,155,30.5,0,1,0,2.5,151,1
53,1,94,223,110,24.5,1,0,0,3.2,166,0
47,1,142,133,105,28.6,1,0,0,4.0,174,0
65,0,137,252,130,34.8,0,1,0,2.1,164,1
66,0,132,192,80,32.6,0,0,1,4.8,166,0
70,1,121,229,149,28.8,0,1,0,1.0,155,1
64,1,144,245,83,29.2,0,0,0,2.7,152,1
67,1,127,287,91,25.8,0,0,1,2.3,142,1
63,1,128,307,185,25.7,0,1,0,6.5,160,1
56,0,129,187,128,20.6,1,0,1,3.0,157,0
54,1,132,169,108,28.8,0,0,1,5.2,166,0
50,0,107,236,86,30.5,0,0,1,4.7,147,1
37,0,131,225,85,26.4,1,0,0,4.9,158,1
41,1,114,167,107,22.9,1,0,0,3.5,178,0
49,1,117,221,118,27.7,1,0,0,4.5,149,1
56,0,140,250,133,33.9,0,1,0,1.0,164,1
72,0,117,182,89,32.6,0,0,0,0.5,146,1
52,1,138,181,97,27.4,0,0,0,3.2,158,1
66,1,132,204,75,37.6,0,0,1,1.7,160,0
67,0,106,222,76,40.7,0,0,0,7.2,159,0
50,0,148,251,78,25.2,1,0,0,4.5,173,1
61,0,133,214,104,26.8,0,0,0,1.6,150,1
50,0,130,224,100,30.6,0,0,0,2.8,160,0
70,0,147,327,113,24.2,0,0,0,3.8,169,1
61,1,151,188,115,31.9,0,1,0,3.3,160,0
38,0,122,188,73,27.3,0,0,0,4.2,181,0
55,1,139,253,103,29.4,1,0,1,3.7,158,1
74,0,139,277,83,26.0,0,0,0,0.1,159,1
51,0,123,240,84,23.8,1,0,1,2.1,138,1
59,0,104,303,111,18.7,0,0,0,2.5,176,0
60,1,131,241,88,34.7,0,0,0,5.0,158,0
40,0,145,134,89,31.2,1,0,0,2.6,159,1
60,0,137,232,92,31.0,0,0,0,6.7,151,0
35,0,102,190,93,28.3,0,0,0,3.4,176,0
45,0,139,277,106,16.6,0,0,0,7.0,172,0
67,1,126,272,123,24.8,0,1,1,6.5,160,1
58,1,96,160,93,26.6,0,0,0,6.2,151,0
49,0,139,278,113,22.4,0,0,0,0.4,180,1
59,0,113,266,128,20.1,0,0,0,3.5,158,0
52,0,151,209,76,23.0,0,0,0,6.7,162,0
53,0,142,220,146,27.8,0,1,1,4.2,165,1
62,1,129,287,93,28.2,1,0,0,4.9,166,1
44,1,133,136,95,31.3,1,0,0,0.1,170,1
54,0,162,243,84,37.1,0,0,1,8.5,161,1
49,1,139,267,107,30.5,0,0,0,1.4,167,1
32,0,121,208,107,25.7,0,0,0,1.7,195,0
41,0,164,244,179,35.2,0,1,0,2.6,187,1
73,0,135,239,76,21.3,0,0,1,2.9,159,0
58,1,140,193,70,18.2,1,0,0,0.7,163,0
36,0,105,180,127,22.6,0,0,0,10.2,204,0
33,1,92,243,95,30.3,0,0,0,2.5,186,0
52,1,120,196,89,28.3,0,0,0,0.2,170,0
73,1,137,171,99,23.4,1,0,0,3.6,149,0
51,1,129,228,75,24.1,0,0,1,1.2,173,1
70,0,110,211,102,22.7,0,0,0,5.7,123,0
58,0,141,176,95,22.1,1,0,0,1.2,173,0
59,1,115,230,112,35.0,0,0,0,4.2,150,1
36,0,128,247,109,26.0,0,0,0,0.5,171,0
65,1,144,231,110,36.3,0,0,0,10.3,144,0
49,0,118,177,99,23.3,0,0,0,4.8,162,0
64,0,115,250,120,30.4,0,0,1,3.1,157,0
42,0,144,261,105,28.0,0,0,0,2.7,184,1
55,1,139,318,88,31.7,0,0,0,2.1,180,1
58,1,129,287,129,29.0,0,1,0,1.5,186,1
51,1,150,180,86,32.0,1,0,0,1.5,167,1
58,0,128,262,105,30.3,0,0,0,7.9,162,0
50,0,119,233,76,22.4,1,0,0,2.1,175,1
45,1,111,171,98,30.5,1,0,1,2.0,160,0
74,1,136,247,84,28.1,1,0,0,0.5,140,1
67,0,142,312,77,24.7,0,0,0,5.9,154,1
43,1,142,268,80,30.2,0,0,0,2.8,174,1
60,0,128,185,96,32.1,0,0,0,3.2,140,1
43,0,140,219,107,24.8,0,0,1,6.5,186,0
38,1,116,236,86,25.2,0,0,0,1.5,180,0
66,1,118,158,68,21.8,0,0,0,5.1,168,0
31,1,97,140,143,18.1,0,0,1,1.8,165,1
65,1,122,237,158,27.0,0,1,0,5.0,152,1
50,0,109,229,110,31.0,1,0,0,2.5,159,1
50,0,154,145,120,24.8,0,0,1,2.9,167,0
58,1,134,243,97,34.4,0,0,0,5.6,164,0
61,0,127,274,94,27.0,0,0,0,5.4,172,0
42,1,147,208,116,26.1,0,0,0,3.1,176,0
62,1,109,231,161,26.7,0,1,0,2.3,154,1
54,0,123,248,150,32.1,0,1,0,7.7,191,0
37,0,149,233,109,22.3,0,0,1,5.0,175,1
51,0,122,152,77,26.9,0,0,0,2.5,159,0
71,1,169,196,92,25.9,0,0,1,1.8,135,1
75,0,149,219,122,26.1,1,0,0,6.2,151,1
62,1,152,192,108,28.2,1,0,0,3.8,166,1
38,0,139,277,74,26.3,0,0,0,3.1,165,1
59,0,127,254,88,32.7,0,0,0,3.8,171,0
64,0,122,183,119,28.1,0,0,0,4.4,161,0
62,1,131,220,148,30.6,1,1,0,3.4,139,1
63,1,114,277,99,28.8,0,0,0,6.6,168,0
58,0,126,199,99,34.3,0,0,0,6.8,161,1
52,1,129,259,95,26.1,1,0,0,4.9,153,1
45,0,147,277,88,25.8,0,0,0,7.1,183,0
29,1,125,262,83,29.8,0,0,0,3.5,193,0
57,0,162,233,111,26.3,0,0,0,5.3,152,1
55,1,94,277,100,29.9,0,0,0,6.1,169,0
60,0,110,206,107,38.7,0,0,1,6.1,165,0
36,1,117,319,104,22.2,1,0,0,5.9,175,1
61,1,151,238,117,35.0,0,0,0,5.1,157,1
79,0,133,286,103,26.6,0,0,0,8.6,149,1
54,1,104,209,153,33.8,0,1,0,2.1,177,0
52,0,125,244,144,30.7,1,1,0,3.1,170,1
57,0,109,249,82,30.5,0,0,1,2.9,144,1
79,0,114,199,93,28.2,0,0,0,2.5,127,1
40,0,150,176,105,25.7,0,0,1,1.7,156,1
56,0,121,217,106,24.4,0,0,1,7.1,151,0
43,1,128,265,118,27.1,1,0,1,0.8,163,0
46,0,125,143,89,26.4,1,0,0,3.9,164,0
52,1,125,208,99,28.4,1,0,0,0.2,164,1
71,0,123,289,94,22.0,1,0,1,5.1,152,1
76,1,129,185,120,28.8,0,0,1,1.5,152,0
59,0,132,280,102,33.7,0,0,0,0.5,176,1
48,1,145,174,102,31.6,0,0,0,4.0,152,1
79,1,149,199,95,29.0,0,0,0,1.7,154,0
47,1,105,214,93,39.0,0,0,0,2.0,175,1
46,1,141,298,74,24.5,1,0,0,3.9,155,1
30,1,124,184,77,26.0,0,0,0,5.6,188,0
71,1,123,161,99,21.8,0,0,1,1.4,160,0
66,1,133,172,97,26.3,0,0,0,0.9,159,1
79,0,148,277,99,37.1,1,0,0,3.6,121,1
35,1,123,157,110,25.0,1,0,1,4.9,187,0
72,0,140,284,97,21.5,0,0,0,7.3,158,0
54,1,117,227,91,31.6,1,0,0,0.7,168,1
63,0,163,228,93,29.8,1,0,1,2.7,121,1
32,1,92,225,100,30.3,0,0,0,6.6,175,0
72,0,145,200,135,27.1,1,1,1,8.6,136,1
63,0,134,235,112,23.4,0,0,0,0.9,175,0
52,0,134,173,96,26.7,0,0,0,1.6,156,1
61,1,118,285,100,30.5,0,0,0,4.5,179,0
43,1,139,175,84,26.7,0,0,0,2.0,185,0
45,1,120,238,112,28.9,0,0,0,1.5,175,1
47,1,105,177,118,24.8,0,0,0,4.1,184,0
29,1,100,188,76,28.3,0,0,1,7.5,173,0
64,0,131,214,102,28.1,0,0,0,0.1,152,1
68,1,107,357,94,25.1,0,0,0,7.4,168,1
44,0,149,218,145,27.7,0,1,1,2.0,163,1
58,1,143,192,103,26.0,0,0,0,4.4,150,1
50,1,151,203,68,30.2,0,0,1,7.6,166,0
57,1,156,163,107,31.8,1,0,0,4.3,152,1
45,1,121,212,113,29.5,1,0,0,2.7,190,0
42,0,108,295,114,19.5,0,0,0,5.4,183,0
67,0,92,245,82,23.8,0,0,1,3.0,152,0
52,0,119,261,96,24.6,0,0,1,4.9,157,0
79,1,166,200,88,25.2,1,0,1,3.0,151,1
54,1,113,216,68,25.1,0,0,0,5.7,180,0
41,0,117,226,87,31.2,0,0,0,0.1,179,0
69,1,123,202,80,31.6,0,0,0,0.9,147,0
61,1,134,245,101,26.0,0,0,0,0.2,147,1
62,0,148,254,72,30.7,0,0,0,3.4,158,0
68,1,108,255,81,29.8,0,0,0,0.5,161,0
45,1,102,213,88,27.0,0,0,1,1.7,168,0
51,1,151,268,108,32.7,1,0,0,0.6,177,0
51,0,135,212,138,24.4,0,0,0,7.3,175,0
36,1,115,200,101,26.9,0,0,0,0.9,181,0
50,0,154,283,126,22.6,1,1,0,0.2,172,1
70,1,111,187,86,23.8,0,0,0,4.1,141,0
56,1,144,154,106,21.4,1,0,0,7.9,157,0
36,1,118,178,76,22.2,0,0,1,3.2,167,0
33,0,131,229,112,26.9,1,0,0,3.4,182,0
75,1,102,290,100,27.3,1,0,0,6.9,139,0
52,0,125,195,94,26.3,1,0,0,5.8,166,0
45,1,137,295,71,25.8,1,0,1,4.6,168,1
49,1,123,223,110,35.5,0,0,0,2.0,177,0
34,1,141,208,85,21.4,1,0,0,4.7,164,1
72,1,151,198,98,22.8,0,0,0,0.0,160,1
48,1,109,303,94,23.4,0,0,1,1.9,159,0
71,0,148,227,72,28.1,1,0,0,7.2,142,1
54,0,111,168,93,30.0,0,0,0,6.9,165,0
72,0,133,337,78,31.3,0,0,0,4.6,168,1
56,0,140,242,86,32.0,1,0,1,1.5,153,1
64,0,117,263,102,27.6,0,0,1,0.4,141,1
62,0,140,299,107,26.2,0,0,1,1.7,151,1
61,1,121,254,141,35.5,0,1,0,3.1,158,1
58,0,118,267,83,16.5,0,0,0,0.2,185,0
50,0,139,224,131,27.7,1,1,0,2.9,171,0
78,1,122,268,86,30.8,0,0,0,8.1,143,1
41,0,107,216,68,35.6,0,0,0,4.5,174,0
53,0,141,223,97,19.9,0,0,0,4.1,185,0
53,1,127,229,71,25.6,0,0,1,0.9,165,0
58,0,105,210,97,21.6,0,0,0,0.8,162,0
47,1,140,242,74,19.0,1,0,0,0.3,164,1
57,1,121,247,78,26.8,0,0,0,0.9,173,0
51,1,103,257,106,31.3,0,0,0,3.7,163,1
32,0,92,239,96,32.0,0,0,0,4.5,191,0
53,1,139,308,68,25.1,0,0,0,1.0,179,1
39,0,107,260,88,29.9,0,0,0,3.9,183,0
30,1,98,202,100,25.5,0,0,1,7.3,180,0
55,1,135,244,87,30.2,0,0,0,8.6,151,0
59,0,144,286,91,33.2,1,0,1,5.5,158,1
60,1,116,188,100,27.0,0,0,1,3.0,156,0
60,0,141,312,97,32.9,0,0,0,5.4,154,1
29,1,151,178,81,20.8,1,0,0,7.0,178,0
35,0,138,252,96,29.7,0,0,1,1.7,185,0
79,0,153,238,137,33.6,0,1,0,7.4,144,1
39,1,125,214,122,31.1,0,0,0,2.1,162,0
61,1,122,173,94,22.5,0,0,0,2.1,152,0
44,1,121,257,98,26.2,0,0,1,2.6,192,0
54,0,132,170,145,29.0,0,1,0,4.3,173,0
45,0,103,159,91,29.2,0,0,0,0.6,162,0
60,1,116,276,130,28.4,0,1,0,2.8,177,0
55,1,104,300,148,34.2,0,1,0,4.9,164,1
47,0,126,192,103,21.3,0,0,0,4.1,197,0
39,1,121,258,127,25.7,0,0,0,4.5,180,0
56,0,120,259,107,19.9,1,0,0,2.7,169,1
37,0,131,211,107,29.6,0,0,0,5.3,187,0
59,1,112,283,152,30.4,0,1,0,6.2,180,0
79,1,125,231,131,44.3,0,1,0,6.1,146,1
71,1,148,255,122,33.2,1,1,0,4.6,168,1
62,1,142,176,81,29.5,0,0,0,5.9,155,0
52,0,113,172,106,28.7,0,0,0,5.8,164,0
29,0,120,260,117,24.9,0,0,0,10.5,183,0
36,0,107,237,107,27.3,0,0,0,6.7,189,0
70,0,133,227,93,29.7,1,0,0,3.3,150,1
43,1,123,298,121,18.0,0,0,0,1.1,192,0
44,0,130,298,89,28.0,0,0,1,2.8,188,1
51,1,129,241,79,27.9,0,0,0,2.6,169,0
39,1,124,155,100,34.9,0,0,1,4.8,166,0
37,1,103,210,115,26.1,0,0,0,1.7,189,0
52,0,131,188,83,24.0,0,0,0,6.6,145,0
41,0,129,221,70,28.2,0,0,0,0.1,184,0
43,1,132,179,97,27.4,0,0,0,0.7,165,1
43,0,111,168,108,26.4,0,0,1,3.1,188,0
60,1,142,132,68,22.0,0,0,0,1.3,148,0
50,1,104,229,111,26.7,0,0,1,0.2,162,0
51,1,122,130,75,24.8,1,0,0,1.8,171,0
61,0,124,215,107,27.0,0,0,0,1.5,169,1
51,1,109,252,68,30.8,1,0,1,3.5,159,1
49,1,123,191,74,24.2,1,0,0,1.9,163,1
59,1,131,181,105,26.8,0,0,1,2.1,174,0
62,0,101,226,114,30.5,0,0,0,3.5,173,0
51,0,118,188,96,26.2,0,0,0,6.1,165,1
54,1,99,232,177,39.6,0,1,0,7.3,160,0
43,0,152,175,81,28.2,0,0,1,3.9,159,1
42,1,128,213,80,21.3,1,0,0,4.1,174,0
63,1,135,215,91,24.2,1,0,0,3.0,167,0
59,0,131,226,91,23.5,0,0,1,4.8,165,0
59,0,140,296,100,24.1,1,0,0,4.5,150,1
57,1,145,234,85,30.2,1,0,1,6.9,182,0
54,0,102,245,105,22.5,0,0,0,1.4,144,0
62,1,152,202,104,26.5,1,0,1,2.9,168,0
65,0,148,240,165,33.4,0,1,0,4.4,162,0
65,0,129,219,89,25.8,0,0,1,3.4,165,1
52,0,123,224,146,30.6,0,1,1,1.1,160,1
71,1,92,261,105,20.7,0,0,0,0.1,154,1
56,0,112,204,96,26.0,1,0,1,5.6,166,0
61,0,136,211,93,23.9,0,0,1,1.5,161,0
57,1,149,205,68,29.1,1,0,1,1.1,142,1
56,1,137,204,97,22.9,0,0,1,5.7,184,0
43,0,120,225,105,36.6,0,0,1,4.7,181,0
62,1,157,213,95,20.5,0,0,0,3.2,162,0
79,0,150,301,84,34.1,0,0,1,1.1,152,1
48,1,117,333,71,31.3,0,0,0,3.2,189,0
54,0,158,200,103,29.0,0,0,0,6.7,159,1
47,1,106,233,96,27.5,0,0,0,0.7,161,0
47,0,101,264,117,35.8,0,0,0,0.6,181,0
73,0,126,223,74,39.9,0,0,1,1.9,160,1
44,1,110,177,89,26.1,0,0,1,3.4,162,0
47,0,117,293,76,28.0,0,0,1,2.2,183,0
32,0,129,241,111,24.0,0,0,0,5.2,184,0
43,1,125,232,115,21.7,1,0,0,6.3,161,1
31,1,117,272,125,28.6,0,0,0,4.2,187,0
61,0,133,260,149,29.1,1,1,0,5.0,163,1
79,0,100,236,108,21.4,0,0,1,4.2,150,1
48,1,101,180,103,29.4,0,0,1,3.5,175,0
31,0,115,191,105,27.8,1,0,0,0.1,186,0
65,1,121,281,97,25.4,1,0,1,0.8,167,1
44,1,118,247,105,24.0,0,0,0,0.0,175,0
70,0,153,225,173,30.3,0,1,1,3.1,154,1
49,1,123,296,99,34.8,0,0,1,4.1,173,1
45,1,102,213,96,29.0,0,0,0,0.3,186,0
51,1,116,264,99,31.0,1,0,1,3.7,173,0
63,1,155,238,94,24.2,0,0,0,1.2,157,1
50,1,147,303,100,25.5,0,0,1,0.7,170,1
47,0,132,252,138,30.0,0,1,1,1.9,190,1
50,0,101,224,113,21.2,0,0,1,0.6,178,0
36,0,123,207,112,27.7,0,0,0,5.1,180,0
58,0,133,226,128,30.1,0,0,1,3.1,177,0
30,1,121,181,96,26.2,1,0,0,5.6,174,0
47,1,114,163,100,28.7,0,0,1,2.3,175,0
63,0,124,242,100,28.3,0,0,1,2.4,182,0
57,1,117,203,99,24.9,0,0,0,8.4,172,0
61,1,111,206,113,22.5,0,0,0,0.7,180,0
52,0,145,219,72,27.1,0,0,0,6.8,167,0
68,0,144,234,148,34.3,0,1,1,7.8,153,1
65,0,129,231,126,32.9,1,0,0,5.5,170,1
59,1,137,300,116,26.3,1,0,1,2.6,141,1
65,1,140,258,115,26.5,1,0,1,7.2,159,0
63,1,168,318,109,26.0,1,0,0,2.7,169,1
47,0,136,202,87,25.2,0,0,0,1.7,178,1
36,1,131,247,85,28.0,0,0,0,2.5,155,1
58,1,128,210,85,32.7,0,0,0,2.0,149,0
60,1,125,204,79,38.3,1,0,1,1.0,159,1
67,0,151,321,155,24.4,0,1,0,6.4,164,1
41,0,130,185,118,29.9,0,0,0,1.5,181,0
41,1,108,130,103,29.4,0,0,0,3.4,175,0
59,1,134,197,108,26.3,0,0,1,0.3,172,1
52,1,141,139,100,22.8,1,0,0,3.6,170,0
29,1,92,170,105,27.6,0,0,0,0.5,182,0
58,0,113,190,109,37.6,0,1,0,0.4,170,0
29,1,121,212,101,27.6,0,0,0,3.2,176,0
41,0,96,131,90,23.3,1,0,0,6.2,179,0
71,0,105,284,95,27.7,0,0,0,4.6,147,1
77,0,130,158,99,23.5,0,0,0,4.8,157,0
37,0,126,209,85,26.8,0,0,0,3.2,183,0
49,1,132,208,80,30.5,0,0,0,2.6,167,0
54,1,153,259,130,24.4,1,1,1,5.6,171,1
76,1,135,251,74,16.5,0,0,0,2.0,170,0
47,0,121,270,79,28.5,1,0,0,5.7,157,0
47,1,103,205,81,24.9,0,0,0,6.7,182,0
73,1,127,215,74,25.1,0,0,0,1.3,167,0
48,1,138,238,104,23.8,1,0,0,1.7,166,1
62,1,140,272,82,29.8,0,0,1,2.1,171,0
34,0,126,248,68,24.7,1,0,1,0.3,174,0
51,0,133,236,90,31.7,0,0,0,2.3,183,0
31,0,136,221,79,30.8,0,0,1,6.9,152,1
39,0,121,214,118,25.6,0,0,0,0.8,193,0
64,1,150,247,98,25.7,0,0,1,6.9,148,1
52,1,118,309,74,28.1,1,0,0,2.4,166,0
49,1,123,211,105,26.7,0,0,0,9.0,161,0
43,0,114,203,97,19.0,0,0,1,1.7,191,0
50,0,136,203,92,36.2,0,0,0,3.1,167,0
57,1,111,242,120,31.0,0,0,0,1.1,159,0
66,0,125,142,81,26.1,0,0,1,1.7,171,0
29,1,92,205,112,17.5,1,0,0,7.0,188,0
42,1,130,255,90,26.2,0,0,1,4.7,171,0
55,0,145,203,96,24.9,0,0,0,6.2,155,1
52,0,138,231,85,27.2,0,0,0,0.1,156,1
58,0,139,315,86,17.8,0,0,0,5.2,178,1
56,0,139,239,89,25.5,0,0,1,1.0,170,0
49,1,138,130,68,25.5,1,0,0,0.0,169,0
46,0,132,161,101,26.3,0,0,0,4.1,178,0
50,0,138,211,98,26.3,1,0,0,4.1,145,1
68,1,121,198,74,28.5,0,0,1,3.6,154,1
43,1,118,222,106,34.0,0,0,0,5.4,171,0
52,0,130,211,118,25.1,1,0,1,5.8,176,1
55,1,125,274,86,23.5,1,0,0,7.3,147,1
73,1,113,189,84,20.6,1,0,0,0.4,163,0
49,0,105,213,113,25.0,0,0,1,7.4,190,0
65,0,137,239,102,21.7,1,0,0,8.4,138,1
69,0,149,247,94,32.8,1,0,0,2.5,154,1
52,0,129,229,108,27.1,1,0,0,0.8,171,0
50,1,165,130,145,31.7,0,1,0,0.1,179,1
49,0,114,225,117,34.1,1,0,1,2.3,143,1
50,1,131,216,96,23.4,0,0,1,8.7,173,1
64,0,149,266,102,26.5,0,0,0,3.5,158,1
56,1,146,256,112,33.8,1,0,1,1.9,159,1
56,0,136,235,68,28.6,0,0,1,1.7,188,0
38,0,135,229,113,29.2,0,0,1,0.1,175,1
40,0,121,273,88,31.7,0,0,1,5.8,181,1
79,1,160,286,103,33.0,0,0,0,3.3,149,1
51,1,144,234,121,29.3,0,0,1,9.0,172,0
43,1,113,308,91,33.5,1,0,0,5.1,177,1
72,1,141,208,134,28.2,1,1,0,5.7,162,1
57,0,107,176,95,30.1,1,0,0,2.9,153,1
61,1,155,228,74,27.1,1,0,0,0.7,161,1
51,0,128,207,174,32.1,0,1,0,1.2,171,1
49,1,144,130,95,24.1,0,0,0,0.1,152,0
51,1,123,195,121,19.7,0,0,0,5.9,158,1
35,0,94,228,91,29.7,1,0,1,2.5,186,0
52,1,164,221,97,22.8,0,0,1,6.0,163,1
57,1,133,193,110,22.6,1,0,1,3.9,191,0
77,1,123,239,124,34.6,1,1,0,2.7,160,1
54,1,143,229,94,32.0,0,0,0,0.5,172,1
29,0,147,240,110,24.8,0,0,0,4.3,200,0
52,1,122,196,93,16.5,0,0,0,2.9,177,0
79,1,134,275,89,31.3,0,0,0,5.8,153,1
64,0,133,184,113,31.1,0,0,0,1.6,145,1
42,1,104,196,117,29.4,0,0,0,5.1,182,0
61,0,118,299,119,30.1,0,0,1,7.8,178,0
43,1,148,175,86,26.2,0,0,0,4.2,168,0
35,0,116,186,87,24.8,0,0,0,5.5,159,0
48,1,111,168,89,22.2,0,0,0,5.0,159,0
54,1,119,189,107,24.4,0,0,0,8.4,186,0
29,0,132,216,78,27.8,0,0,1,4.5,184,0
38,0,94,245,79,28.4,1,0,0,5.3,190,0
53,0,129,223,85,31.2,0,0,0,3.4,168,0
48,0,160,207,82,20.8,0,0,0,1.5,165,0
58,1,162,174,109,20.2,1,0,0,0.4,185,1
37,0,132,184,108,25.0,1,0,0,6.8,171,0
62,0,148,164,89,23.3,0,0,1,0.9,159,0
38,1,143,246,93,27.7,1,0,1,5.4,179,1
74,1,131,269,68,22.6,0,0,0,4.6,151,1
31,1,135,210,89,31.9,1,0,1,5.9,187,1
39,0,147,234,115,23.1,0,0,1,2.2,182,0
58,1,108,263,88,35.1,0,0,0,1.4,170,0
75,1,142,240,125,31.1,0,1,0,4.5,146,1
57,0,132,284,117,22.9,0,0,1,2.7,147,1
60,0,129,185,79,37.5,0,0,0,0.3,154,1
53,1,125,209,119,28.8,0,0,0,8.5,159,0
40,0,124,197,139,27.7,0,0,0,1.4,179,0
47,1,132,248,94,27.0,1,0,0,0.9,159,1
37,0,136,155,115,28.9,0,0,0,2.9,162,0
36,1,126,275,71,29.1,0,0,0,6.8,166,1
58,1,124,250,70,23.8,0,0,1,2.1,169,1
38,0,111,289,84,25.8,1,0,0,6.5,182,0
57,1,120,224,108,28.3,0,0,0,1.1,159,0
36,0,127,191,96,29.4,1,0,0,4.2,171,0
57,1,116,253,93,30.5,0,0,0,1.7,172,1
47,0,137,264,77,28.0,0,0,0,8.7,173,0
71,0,138,204,94,25.9,0,0,1,3.8,169,0
57,0,144,142,131,25.0,0,1,0,1.7,163,0
69,0,122,156,82,22.9,0,0,0,2.7,148,1
43,0,109,229,81,29.8,0,0,0,3.7,186,0
54,1,147,289,99,24.8,1,0,0,4.0,160,1
40,1,122,162,85,26.0,0,0,0,4.6,167,0
48,0,120,209,96,28.4,0,0,0,3.5,181,0
50,0,134,207,69,27.4,0,0,0,0.1,185,0
44,0,132,299,104,27.1,0,0,0,2.6,175,1
37,0,100,310,100,22.6,0,0,1,5.1,167,1
35,1,139,232,93,27.9,0,0,1,1.8,196,1
29,0,110,248,98,24.9,0,0,0,5.2,187,1
39,0,145,252,110,26.5,0,0,0,3.6,179,0
61,0,112,174,74,33.3,1,0,0,2.9,155,1
32,0,122,241,97,28.8,0,0,0,6.6,194,0
35,0,120,171,76,24.0,1,0,0,1.0,164,1
76,0,104,229,97,28.0,0,0,1,1.7,139,1
45,1,136,267,92,34.5,1,0,0,6.7,191,0
57,0,98,229,96,26.3,0,0,1,8.3,155,0
61,1,124,274,109,28.1,0,0,0,9.4,173,0
62,1,149,283,108,31.1,1,0,0,3.6,174,1
33,1,110,139,112,27.5,0,0,0,4.7,183,0
50,1,110,131,90,25.7,0,0,0,5.6,160,0
32,1,133,261,107,23.1,1,0,1,6.8,185,0
79,0,131,288,104,28.8,0,0,1,4.3,166,1
32,0,111,223,90,29.5,0,0,0,5.9,185,0
39,0,139,232,143,32.9,0,1,0,4.7,168,1
39,1,102,253,94,20.1,0,0,0,4.9,180,0
34,1,115,250,117,34.7,1,0,0,1.1,162,1
71,0,145,221,108,27.1,0,0,1,2.6,145,1
79,0,117,278,91,33.1,0,0,0,2.1,148,1
47,0,149,206,90,23.9,0,0,0,0.4,172,0
36,0,119,225,110,19.3,1,0,0,0.8,162,0
29,0,133,219,116,20.3,1,0,0,2.4,183,0
50,0,137,186,101,25.9,0,0,0,2.8,175,0
49,0,125,190,151,29.8,1,1,0,3.8,165,1
45,0,115,313,116,27.3,0,0,0,4.9,149,1
56,0,130,188,93,26.5,1,0,1,4.0,164,1
58,1,138,242,142,32.9,0,1,1,2.8,184,0
57,1,112,250,103,27.8,0,0,0,1.1,170,1
49,1,106,219,90,28.6,0,0,1,5.8,170,0
39,0,146,244,121,41.2,1,0,0,3.2,170,1
62,0,122,242,89,28.0,1,0,0,2.4,165,0
53,1,130,187,142,24.3,0,1,0,3.0,170,1
65,0,127,253,125,30.4,0,0,0,1.6,168,1
63,1,127,206,68,31.4,0,0,0,2.1,149,1
35,1,140,287,99,28.0,0,0,1,2.0,181,0
34,0,117,231,86,27.3,0,0,0,2.8,175,0
43,1,116,189,96,33.9,0,0,1,5.2,178,1
39,1,116,230,78,33.1,0,0,0,4.6,155,1
63,1,121,190,90,27.5,0,0,0,7.5,157,0
58,1,121,237,96,24.8,1,0,1,6.7,167,0
67,0,123,222,100,30.2,0,0,0,8.6,166,0
58,0,152,192,109,24.8,0,0,0,5.0,164,0
56,0,137,190,68,31.8,0,0,0,4.9,142,0
69,0,126,335,94,30.3,0,0,1,2.2,164,1
59,1,142,231,93,40.1,0,0,0,5.6,181,0
54,0,106,206,95,34.4,1,0,1,1.8,155,0
72,1,153,209,96,23.5,0,0,0,0.3,151,1
54,1,145,244,84,25.2,0,0,0,7.5,176,0
49,0,161,195,73,18.5,1,0,1,0.3,176,1
42,1,136,172,99,17.2,0,0,0,4.6,187,0
62,1,135,227,81,28.5,0,0,0,1.2,173,0
69,1,155,231,102,22.9,1,0,0,6.4,137,1
52,0,115,206,82,35.0,0,0,0,6.8,163,0
70,1,126,196,106,33.7,0,0,0,4.9,163,1
29,1,119,194,95,25.1,1,0,0,6.7,179,0
52,0,149,203,141,26.0,1,1,0,3.5,169,1
52,1,112,198,92,34.3,0,0,0,9.3,167,0
44,0,107,230,90,35.0,0,0,1,5.4,169,0
79,1,143,331,93,24.6,1,0,1,1.2,145,1
52,0,136,279,114,22.6,0,0,0,3.7,156,1
48,0,113,302,73,25.9,0,0,0,3.1,163,0
53,0,135,200,86,29.5,0,0,0,2.8,167,0
29,0,137,281,112,24.0,0,0,0,0.8,183,0
43,1,139,228,108,29.1,0,0,0,4.5,180,0
66,0,135,272,116,37.2,0,0,0,0.1,156,1
45,0,121,238,95,20.7,0,0,0,3.1,191,0
42,0,147,203,76,24.9,0,0,0,2.6,188,0
70,0,136,263,79,22.0,1,0,0,1.5,148,1
70,0,146,253,92,24.6,0,0,1,1.3,159,0
60,0,157,153,107,26.5,0,0,0,4.6,176,0
47,1,139,215,92,23.9,1,0,0,1.3,161,0
50,0,109,259,91,29.8,0,0,0,3.0,161,0
43,0,103,230,102,27.7,0,0,0,1.9,188,0
40,0,116,236,141,28.3,0,1,0,4.5,184,1
39,1,134,184,89,25.4,1,0,0,7.1,185,0
45,0,129,230,81,26.2,0,0,0,4.8,176,0
40,0,157,212,110,25.3,1,0,0,6.2,170,0
33,0,124,204,112,25.4,0,0,0,6.4,166,0
56,1,121,197,80,29.6,0,0,0,0.9,167,0
56,1,109,264,90,18.9,0,0,0,4.6,179,0
75,1,155,250,106,30.0,1,0,0,6.1,164,1
44,1,122,229,79,23.1,0,0,0,2.4,185,0
57,0,104,312,101,26.2,0,0,1,1.4,174,1
57,1,131,246,91,20.6,1,0,0,4.9,186,0
50,0,109,272,78,25.8,0,0,0,0.4,152,1
63,1,123,241,168,29.3,0,1,1,0.7,164,1
63,1,129,214,91,30.2,0,0,1,1.8,151,0
57,0,113,181,104,22.3,0,0,0,4.7,182,0
50,1,121,232,79,29.3,1,0,0,4.1,160,1
48,1,112,130,164,32.5,0,1,0,6.2,182,0
35,1,112,225,125,24.4,1,0,0,1.1,171,1
43,0,106,231,73,27.1,0,0,1,1.0,179,1
45,0,115,210,94,17.6,0,0,0,4.9,172,0
38,1,110,212,116,22.7,1,0,0,1.4,174,0
59,0,140,174,89,29.1,1,0,0,1.9,164,0
69,1,134,291,102,32.7,0,0,0,1.3,167,1
41,0,139,203,71,24.2,0,0,0,4.3,174,0
57,1,159,185,84,40.0,1,0,1,7.5,172,1
40,0,134,239,101,28.3,1,0,0,0.8,184,0
49,0,130,226,87,21.5,0,0,0,6.2,166,0
44,1,133,204,136,33.0,0,1,1,3.3,194,0
61,1,135,209,73,22.2,0,0,0,1.1,171,0
44,1,122,218,106,28.6,0,0,0,1.2,169,1
66,1,130,287,76,23.9,0,0,0,1.0,166,1
50,1,109,242,119,21.2,0,0,1,2.7,181,0
45,1,135,218,86,31.6,0,0,0,4.6,179,1
37,0,119,251,108,25.6,0,0,0,8.3,180,0
